goods_no,review_title,rating_score,origin_url,review_text
105775371,인생을 살면서 철학을 공부하자,10,https://sarak.yes24.com/review/18356045,"안녕하세요 2023년도 42번째 책 '데일리 필로소피' 리뷰입니다.

1.생각하면서 일하자.

어떤 일이 잘못되었을 때 우리는 이렇게 묻곤 한다.

""왜 이런 방식으로 일을 하지요?""

그러면 그렇게 일한 사람이 답한다.

""항상 이렇게 일해 왔으니까요.""

그 말은 자신이 일할 때 생각이라는 것을 하지 않으며, 무의식적인 습관에 맞춰 일하고 있다는 뜻이나 마찬가지이다.

mobile e-book : 48p

2.미디어는 미디어일 뿐이다.

과잉연결된 사회에서 살아가는 현대인에게 가장 큰 영향력을 미치는 것은 미디어이다.

현대인은 시청률이 높은 텔레비전 프로그램을 시청하고, 세심하게 선별된 뉴스를 따라가며, 이를 통해 삶에 도움이 될 만한 정보를 주고받는 것을 무슨 계명처럼 받아들이는 듯하다.

하지만 이런 것들이 정말로 필요한가?

mobile e-book : 75p

3.아이에게 무언가 바라기 전에 나부터 점검하자.

부모들은 말한다.

내 아이가 훌륭하게 자랐으면 좋겠다고, 그러면서 정작 아이에게 훌륭한 모습을 보여 주지는 않는다.

mobile e-book : 207p

4.말하는 것보다 듣는 것이 중요하다.

사람들은 자신의 말을 들어 달라고 요청하지만 우리는 그와 같은 요청을 조언해 달라는 것으로 착각하곤 한다.

게다가 우리가 들려 주는 이야기는 그들이 듣고 싶은 이야기가 아니라 내가 하고 싶은 이야기일 가능성이 크다.

말은 충분히 들은 다음에 해도 늦지 않다.

문제에 대한 답은 이미 말하는 사람의 마음속에 존재하고 있기 때문이다.

mobile e-book : 374p

5.자아 성찰을 하여 나의 진정한 가치를 찾자.

돈이란 밑이 뚫린 자루와 같아서 채워도 채워도 채워지지 않는다.

성공이란 끝이 없는 산봉우리와 같아서 올라도 올라도 정상에 다다를 수 없다.

사랑이란 한철 피었다 지는 꽃과 같아서 피고 또 피어도 지는 걸 막을 수 없다.

돈과 성공과 사랑은 우리가 그것을 잡았다고 생각했을 때 사라져 버리는 안개와 같다.

우리가 영원히 가질수 있는 것은 오직 마음 속에 있다.

내가 아름답다고 생각하는 도덕적 가치만이 죽는 날까지 내 마음을 떠나지 않고 채워준다.

mobile e-book : 712p

상세한 내용은 아래의 링크에 남겨두었습니다.

데일리필로소피(클릭!)

리뷰를 읽으시는 분 모두 다(多)독 하시기 바랍니다^^

감사합니다."
105775371,아침을 바꾸는 철학자의 질문 다산초당 모닝루틴 아침독서로 추천해요,10,https://sarak.yes24.com/review/15797230,"작년에 한창 김영하 북클럽으로 인기몰이를 했던 책 「소크라테스 익스프레스」를 읽으셨다면 이 책은 더욱 무난하게 재밌게 읽으실 수 있는 철학책입니다^^

철학책은 항상 고전하는 편인 제가 소크라테스 익스프레스를 느리게느리게 읽으면서도 그래도 흥미롭게 봤던 덕분에 이 책도 괜찮지 않을까 했는데 짧게 나뉘어 있으니 오히려 더 쉽고 좋았어요~

철학 초보들이 읽기에 너무 좋은 것 같아요.

매일 아침 5분씩만 투자하시면 모닝루틴으로, 아침독서로 사용하시기에 너무 좋아요.

1월 1일부터 12월 31일까지 365일 분량으로 나뉘어 있어 아침마다 나의 하루를 바꿔줄 문장을 만나보실 수 있습니다.

스토아 철학을 대표하는 마르쿠스 아우렐리우스, 에픽테토스, 세네카등의 철학자들을 통해 삶을 어떻게 살아야 하는지, 행복한 삶은 어떤 것인지 나의 삶을 관통하는 물음들의 해답과 지혜를 만나보시길 바랍니다~

월별로 나뉘어진 주제들은 아침으로 시작해 저녁으로 마무리되는 방식으로 우리의 삶에 대한 여러가지 생각들을 담고 있습니다.

철학서의 중요한 문장들을 인용하여 그에 대한 작가의 생각이나 예시를 들어 문장의 주제를 설명하는 방식으로 하루를 시작하기에 더할나위없이 좋은 책이네요.

오늘도 고마움을 모르고, 폭력적이고, 기만적이고, 질투심 많고, 몰인정한 사람들을 무수히 만날 것이다. 그러나 그들 중 누구도 나를 잘못된 길로 이끌지 못하므로 내게 전혀 해를 입히지 못할 것이다.

마르쿠스 아우렐리우스

마르쿠스는 지독한 불면증환자였다고 하죠.

저는 불면증도 없는데 왜 이렇게 아침을 시작하기가 힘든걸까요 ㅎㅎ

작년부터 계속 시도하고 있는 새벽기상은 진전이 없고 나는 역시 야행성이라는 믿음이 자꾸 쌓여만 가는 중인데..

마르쿠스에게 아침을 시작하는 법을 좀 배워보도록 해야겠습니다.

나는 인간으로서의 의무를 다하기 위해 깨어나야 한다. 이 세상에 나를 존재하게 하는 일을 하기 위해 일어나야 한다.

그런데 이렇게 짜증을 낼 필요가 있는가? 나는 기껏해야 이부자리나 끌어안고 살기 위해 태어났는가? 이것이 내게 주어진 낙이란 말인가?

나는 분투하기 위해 태어났는가, 아니면 지기 위해 태어났는가?

p.14 마르쿠스 아우렐리우스

와 이 문장 엄청 자극받습니다!

아침마다 읽으면서 반성해야겠네요 ㅎㅎㅎ

이부자리나 끌어안고 살기 위해 태어나지 않았죠. 일어나서 생산적인 활동으로 1분 1초를 채우고 싶다는 욕구가 마구 솟아오르게 하는 부분입니다.

포근한 이불에 지지말자. 무거운 눈꺼풀에 지지말자.

'사색에 잠기는 것은 인생에 대해 더 나은 답을 얻고자 하는 분주한 노력이다.'

모닝 루틴에 대해 이야기하는 부분은 역시 그냥 지나쳐지지가 않습니다.

하루를 어떻게 시작하고, 어떻게 마무리하느냐에 따라 우리의 삶이 얼마나 큰 차이를 가지는지 이미 경험해 본 사람들은 알죠.

나의 아침을 무엇으로 채워가야 할지 다시한번 생각해보는 시간입니다.

우리는 현재만을 소유한다.

그 현재에도 만료일은 있다. 그것도 만료일이 너무 빨리 다가온다. 그래서 현재를 즐겨야 한다. 이것만이 우리 전 생애를 통해 지속되는 것이다.

p.89 소유할 수 있는 것은 현재 뿐이다

우리가 바꿀 수 있는 시간은 현재(present)뿐입니다.

지금 일어나지 않는다면, 행동하지 않는다면 아무것도 바뀌지 않는다는 말은 당연하면서도 참 무서운 말이죠.

저는 과거에 매몰되거나 미래를 걱정하는 시간을 책을 통해 점점 줄여나갈 수 있었던 것 같습니다.

지금도 번아웃이 올 때가 가끔 있지만(방학인 요즘처럼) 당장 지금 내가 할 수 있는 걸 하자는 마음으로 얼른 기분을 바꾸려고 노력하고 있어요.

내가 통제하고 선택할 수 있는 '지금'을 절대 소홀히 하지 말아야겠습니다.

스토아 철학은 보편적이고 실용적입니다.

왕이었던 마르쿠스도, 노예였던 에픽테토스도, 극작가이자 정치평론가인 세네카를 비롯한 노동자, 운동선수, 외교관, 교사였던 스토아학파의 철학자들만 봐도 알 수 있습니다.

우리 삶에 필요한 지혜가 담겨있는 이유이기도 합니다.

삶의 여정 곳곳에서 만나게되는 질문들에 대한 답은 추상적 세계가 아닌 우리의 하루하루 속에서, 일상에서 찾을 수 있다고 책 속의 인물들은 이야기합니다.

하루는 모든 날의 다른 이름이다.

나의 하루를 바꿔줄 철학자들의 문장을 매일 아침마다 만나본다면 새해를 시작하면서 바라는 나의 모습에 조금은 더 가까워질 수 있지 않을까요?

* 출판사로부터 도서를 제공받아 솔직하게 작성한 후기입니다."
105775371,[인문] 데일리 필로소피 - 아침을 바꾸는 철학자의 질문,8,https://sarak.yes24.com/review/15717351,"스토아 철학, 일상을 살아가는데 쓸모 있는 답을 찾는 것에 열중하는 것. 그것을 통해 자신의 삶에 집중할 수 있고, 사는 이유와 목적을 찾을 수 있도록 이끈다, 고 소개하는 프롤로그가 인상적이다. 우리에겐 학창 시절 무조건 암기만 하고 지나쳐 버린 그런 철학이지 않았는가. 이제라도 맛을 좀 볼 수 있겠다.

이 책은 1년을 분기별로 총 4개의 파트에 월별로 매일 한가씩 사색할 수 있는 질문을 던진다. 실천, 열정, 목적, 모욕, 친절, 삶, 평온, 마음, 정의, 계획, 사랑, 만족의 12가지 주제를 통해 매일 사색에 빠지게 한다.

""아무리 후회해도 과거를 바꿀 수는 없다. 우리가 변화시킬 수 있는 것은 오로지 미래다. 그것이 바로 지금 이 순간이 가진 힘이다."" 13쪽, 매일 이기는 싸움을 하고 있는가

1월의 사색 중 나는 누구인가, 에서 많은 시간 멈춰 있다. 생각은 할수록 비워지고 돌아오는 답은 ""누구냐, 넌""이었다. 나를 드러내는 것이 이리 힘든 일인지 생각해 본 적이 없다. 도대체 나를 타인에게 어떻게 드러내야 나다울까. 또 선택이 인생을 결정한다는 말은 어쩌면 가혹하다. 수많은 길에서 오직 하나의 길만 강요당하는 시대에서 내가 선택한 길이 자칫 낭떠러지 일지 모른다는 생각은 아찔하기만 하다.

그리고 마지막인 것처럼 주어진 일에 도전하, 라는 주문은 현대인은 결코 노오력을 멈춰 서는 안 된다는 말로 들려 마음이 편치 않았다. 이미 영끌을 해서 버티는 와중인데도 모자란 것인지, 사는 건 왜 이리 쉽지 않은지. 사는 게 쉬우면 또 재미없으려나 싶기도 하고.

사랑이 겸손의 예술이며 인간은 그 안에 머물러야 한다, 는 기가 막힌 표현에 소름이 돋는다. 사랑도 재능이 될 수 있다니. 카사노바가 시간이 지나도 회자되는 이유일지도 모른다는 건 함정일까. 한편 아무런 생각을 하지 않는 능력을 훈련하, 라는 충고는 일상에서 늘 해야 하는 사색과는 어떻게 다른가. 아무 생각을 하지 않아 평정심을 잃지 않도록 한다는 의미는 문제 삼지 않고 시니컬하게 무시하는 힘을 키우라는 것일까. 그나저나 평정심을 아무렇지 않게 유지할 수 있으면 그게 또 인간미는 떨어지겠다, 는 생각이 드는 것도 함정일지도.

이와 다르게 분노 이야기는 사소한 것에 욱하고 분노 게이지를 단시간에 최대치로 끌어올리는 능력을 발휘하는 나로서는, 분노가 결국 나를 향한다는 소리가 크게 그리고 길게 울린다.

""산다는 것은 투쟁하는 동시에 사랑하는 것이다."" 185쪽, 삶이라는 전쟁터

드라마 미생에서 두고두고 회자되는 대사, 회사가 전쟁터라고? 밖은 지옥이다, 가 떠오른다. 그뿐만 아니라 점점 조직에서 밀려 나는 이들도 그렇지만 조직에서 아무런 감흥 없이 숨만 쉬는, 그래서 화석처럼 눌어붙은 이들에게도 같은 느낌일 것이라는 생각이 든다. 버티는 것 자체가 이미 전쟁터일지 모른다. 그래서 문장을 쉽게 지나치지 못했다.

매일 아침 철학 한 스푼 떠먹는다고 삶이 풍요로워질까, 싶지만 삶을 바꾸는 가장 간단한 방법이라는데는 동의하게 된다. 단숨에 속독으로 읽어 버리기엔 아깝다. 하루 한 문장을 느리게 읊조리며 사색하는 즐거움을 느껴보시라.

이 책은 스토아 철학자들의 지혜로운 말들을 천천히 산책을 하며 느리게 사색하고 열정적으로 행동하도록 조언한다. 이 책을 읽었다면 오롯이 내가 누구며 어떻게 살아가야 하는가에 대한 질문을 하고 답을 찾는 시간은 의외로 어렵지 않을지도 모른다.

출판사에서 도서를 제공받아 완독 후 솔직하게 쓴 글입니다."
105775371,"데일리 필로소피 / 라이언 홀리데이, 스티븐 핸슬먼 지음",10,https://sarak.yes24.com/review/15838641,"라이언 홀리데이는 <에고라는 적 Ego is the Enemy> 란 책을 통해 처음 만나보았다. <창작의 블랙홀을 건너는 크리에이터를 위한 안내서>도 굉장히 인상적으로 읽었는데, 책 제목이 너무 길어서였을까... 국내에선 많은 이들이 만나보지 않은듯하다. 저자의 명성과 상관없이. 우선 두 책 다 추천추천.

이번 다산초당에서 변역되어 출간된 <데일리 필로소피>는 실제 2016년에 The Daily Stoic 이란 원서로 출간된 책이다. 역시나 유명한 Penquin Publishing Group 이 출판사이다.

이 책은 한숨에 다 읽는 책이 아니라, 366 days 동안 Stoic insights 와 활용방안을 접할 수 있다.

총 4부로 나뉘는데 철학자처럼 아침을 시작하는 법, 나를 지키며 단단하게 관계를 맺는 법, 지치고 불안한 마음에 용기를 더하는 말들, 그리고 매일 하루를 의미 있게 만드는 질문들을 접할 수 있다.

reread 에도 적합하고, 긴 호흡을 하며 읽기 좋은 책이다.

집안에서 눈에 잘 띄게 놓아 수시로 열어보고 마음을 다잡으며 나의 삶에 더 충실히 살 수 있게 하는 책이란 생각이 들었다. 다소 어렵게만 느껴지는 철학자의 말을 쉽게 풀어냄으로써 좀 더 가깝게 접할 수 있어 좋았다.

나의 생각을 책 구석에 끄적이기도 좋고, 마음에 드는 문장에 포스트잇을 부착하기도 좋다.

Emperor Marcus Aurelius, the playwright Seneca, slave-turned-philosopher Epictetus, Zeno, Cleanthes, Musonius Rufus 등의 인용구도 함께 접할 수 있어서 좋다.

요즘처럼 급변하는 시대에서 살아남기 위해 발버둥 치기보단 불안한 감정과 혼란스러운 마음을 가다듬어야 하는 것이 아닌가 싶다. 빠른 길을 택하기보단 좀 더 한걸음 뒤로 물러나 차분히 본질을 생각하는 것이 중요하다. 매일 매 순간 충실하게 살 수 있도록 지혜를 전달하는 스토아 철학이 요즘 시대에 더 어울리겠다란 생각이 든다.

The most valuable wisdom is timeless and that philosophy is for living a better life, not a classroom exercise.

좋은 멘토어를 만난 기분이 드는 책, 매일 조금씩 마음에 새겨 넣기 좋은 문장들이 가득한 책 <데일리 필로소피>를 추천한다. 새해맞이를 하며 함께하기 좋은 책이지 않나 싶다."
105775371,"인문 | 미래를 바꾸는 철학자의 질문, 『데일리 필로소피』",10,https://sarak.yes24.com/review/15733994,"『하나, 책과 마주하다』

""매일 아침, 철학 한 문장을 읽는 건 하루를 바꾸는 가장 간단한 방법이다!""

현재에 머무는 지금 이 순간에도 시간은 흘러간다.

즉, 흘러가는 시간은 과거이며 곧 다가오는 1초, 1분, 1시간은 미래인 것이다.

미래를 바꿀 수 있는 지금, 철학에 눈을 떠보는 것은 어떨까?

저자, 라이언 홀리데이는 미국의 작가이며 마케터이자 미디어 전략가이다. 19세에 대학교를 자퇴하고 『권력의 법칙』 의 저자인 로버트 그린의 제자가 됐으며, 아메리칸 어패럴의 전 마케팅 책임자였고 뉴욕 옵서버의 언론 칼럼니스트 겸 편집인이기도 하다.

저자, 스티븐 핸슬먼은 하퍼콜린스(HarperCollins) 출판 그룹에서 편집자, 마케터, 발행인 등으로 일했다. 문학 에이전트로 일하고 서점을 운영하는 등 40년 이상 출판 업계에 몸담았다. 하버드대학교 대학원에서 철학 석사 학위를 받았다.

Ⅰ 철학자처럼 아침을 시작하는 법

인생을 충만하게 살기 위해 가장 먼저 깨달아야 할 것이 있다. 바로 우리가 변화시킬 수 있는 것과 변화시킬 수 없는 것을 구분하는 것이다.

지금도 시간은 흐른다. 1초, 1분, 1시간, 그렇게 지나간 시간은 결국 과거가 된다. 현재에 머무는 동시에 그 시간은 계속 과거가 된다.

그 찰나에 우리는 중요한 순간을 맞기도 하며 엄청난 후회를 하기도 한다.

특히 후회하는 순간을 마주했을 때, 아무리 후회한다한들 과거를 바꿀 수 없기에 그 때부터 불안한 마음을 가지게 된다.

허나 기회는 있는 법! 과거를 바꿀 순 없지만 변화시킬 수 있는 게 딱 하나 있다. 바로 미래이다.

그것이 바로 지금 이 순간 가진 힘인 것이다.

매일 승산 없는 싸움을 피하고 이길 수 있는 싸움을 할 때 우리 삶은 더욱 성공에 가까워질 것이다.

Ⅱ 나를 지키면서도 단단하게 관계 맺기

살다 보면 해결하기 힘든 문제에 부딪힐 때가 있다. 늘 지혜로울 것 같은 철학자들도 예외는 아니었다. 애쓰던 일이 크게 실패하거나, 중요한 순간 건강을 잃거나, 억울하게 받거나, 사랑하는 사람을 잃는 등 누구라도 좌절할 수밖에 없는 순간들을 겪었다. 하지만 철학자들은 그때마다 자신을 다독이며 당장 할 수 있는 일을 묵묵히 수행했다. 마르쿠스 아우렐리우스는 이렇게 말한다. ""어떤 것을 시작할 수 있다면 모든 것을 시작할 수 있다."" 당신은 어떻게 용기를 내고 희망을 지켜낼 것인가?

우리는 삶이라는 전쟁터에서 끝없이 나 자신을 지켜야 한다.

특히 우리나라의 경우, '빨리빨리'의 삶을 살다보니 어떤 일이 잘못되면 감정적 영향을 받아 오히려 상황을 악화시키는 사람들이 많다.

구덩이에 빠진 것을 알았다면 땅을 파지 말란 말이 있듯이 아무리 부정적인 상황에 직면했다해도 무작정 분노를 표출하거나 부정적인 감정에 사로잡혀서는 안 된다.

이는 결국 이성의 끈을 놓아버리는 길을 택한 것이며 결국 나 자신을 잃고선 시작하게 되는 셈이니깐.

반응하기 위해서 반응하지 말자. 괜스레 후벼파지 말고 일단은 그대로 두자. 그런 다음에 세운 계획이 결국 출구를 만들어 줄테니깐.

Ⅲ 지치고 불안한 마음에 용기를 더하는 말들

문득 삶이 불안하고 허무하게 느껴질 때가 있는가? 아마 많은 사람이 공감할 것이다. 이유는 간단하다. 인생은 어느 것 하나 내 뜻대로 되지 않고, 손에 쥐었다고 생각한 행복이나 성공도 언제든 모래알처럼 빠져나가기 때문이다. 30년 노예 생활을 겪고도 오늘날 위대한 철학자로 기억되는 에픽테토스는 이렇게 조언한다. ""이미 지나갔는가? 그렇다면 붙들지 마라. 아직 오지 않았는가? 그렇다면 열망을 불태울 때가 아니다. 묵묵히 다시 올 때를 기다려라. 그러다 보면 언젠가 신들의 연회에 참석할 자격을 얻게 될 것이다.""

운명을 내 편으로 만드는 두 단어가 있다고 한다. 에픽테토스의 말을 빌리자면 그 두 단어란 바로 집요함과 저항이다.

덧붙여 아우렐리우스 황제는 어떤 원칙으로 지속하고 저항해야 하는 물음에 이렇게 답변했다.

""경건함으로 지속하고 정의로움으로 저항하라.""

굉장히 중요한 말이다. 결국 나를, 나의 운명을 아끼고 사랑하며 항상 진실된 삶을 살아야 한다는 뜻인데 이는 모두가 마음에 품고 살아야 할 말인 것이다.

Ⅳ 매일 저녁, 나의 하루를 의미 있게 만드는 질문들

하루가 저물어 가는 황혼 무렵은 전통적으로 미네르바의 시간, 철학의 시간이다. 그것은 끝나는 시간이기도 하지만, 동시에 내일 찾아올 새로운 시작을 준비하는 최적의 시간이기도 하다. 로마의 철학자이자 정치가 세네카는 매일 저녁, 이런 질문으로 하루를 마무리했다. ""오늘 어떤 나쁜 버릇을 고쳤는가? 어떤 잘못에 맞섰는가? 어떤 면에서 더욱 나아졌는가?"" 당신은 자신에게 어떤 질문을 던질 것인가? 다시 말해, 어떻게 하루를 마무리하고 또 다른 하루를 준비할 것인가?

어렸을 때부터 가장 많이 들은 말 중 하나가 바로 이것이었다.

""하나, 넌 참 착하다.""

착하다는 것에 대한 의미를 크게 느끼지 못했을 때이기에, 앞으로도 착하게 살아야겠다는 마음이 끝이었다.

그리곤 이런 저런 일들을 겪고 철학·인문서 접하고서부턴 이후 생각이 달라졌다.

착하게 살기보다는 선하게 살아야겠다고. 선하고 현명하게 사는 사람이 되어야겠다고.

책에서도 이에 대해 강조하는 부분이 있다.

사람으로 남고 싶다면 오늘 우리에게 주어진 의무를 다해야 한다. 무슨 일이 일어나든, 다른 사람의 의무가 무엇이든, 나에게 주어진 일을 해야 한다.

☞

한 해를 시작하기 전, 다음 해에 매일 읽을 책을 선정하곤 한다.

작년에는 가볍게 볼 수 있는 인문서 두 권과 영어원서였고 재작년에는 논어와 맹자였다.

작년 11월, 12월은 죽을 뻔할 정도로 너무 아파 아무것도 세운 것이 없었고 그렇게 1월 1일이 왔기에, 첫째 주에는 이런 저런 계획을 세우고 책들을 선정했었다.

2022년, 두 권은 정했으나 한 권은 미지수라 고민중인데 그 두 권 중 한 권이 바로 『데일리 필로소피』다.

지금까지 읽어온 책들을 보면, 매년 빠지지 않는 책이 있으니 바로 '철학'이다.

에픽테토스가 말했다. ""철학은 인간을 인도하는 합리성을 훈련하고자 할 때, 감정과 믿음 그리고 누구나 인정하는 진리에 대해 의문을 품게 되었을 때 비로소 시작된다.""라고.

학창시절에는 전혀 몰랐다. 그 몰랐던 가치를 깨닫게 된 것이 바로 대학교때부터였다.

어린 시절부터 20대 초반까지 많은 일들을 겪으며 살았었다.

신경쓰던 일에 실패하는 경험도 몇 번이나 겪었었고 사람에게도 많은 상처를 받았었고 중요한 순간에 건강도 잃어보았고 무엇보다 지금도 그렇고 또한 쉬지 않고 열심히 살아왔어도 좌절하는 순간을 꽤 많이 겪었었다.

오죽했으면, 사주를 몇 번 보기도 했었다. 모두가 하나같이 초년에 엄청난 고생을 할 팔자라고 입 모아 말하는데 결국 미래는 나의 몫이니 현재, 지금 이 순간에 최선을 다해 미래를 바꿔야겠다는 생각밖에 들지 않았다.

홀로 해결하려고 했지만 그렇기에는 답이 없어 내 마음을 지탱해주셨던 선생님들에게 마음을 열어 많은 조언을 받았고 마음을 단단하게 해 줄 수 있는, 즉, 나만의 책들을 하나하나 발견해가기 시작했다.

그 중의 절반이 바로 철학·인문서이다.

본디 기본적인 신념과 가치를 담은 것이 고전 철학이기에, 손에서 놓을 수 없는 것이다.

두려워 말고 읽어보라! 철학을 통해 참된 가치를 깨닫게 되는 순간이 언젠가는 다가온다."
105775371,"매일 철학 한 문장, 삶의 방향을 찾다 [데일리 필로소피]",8,https://sarak.yes24.com/review/16922102,"2015년이었다. 우연히 접한 계간지에서 서양인문고전을 읽고 토론하는 모임을 알게 되어 참가하게 되었다. [일리아스] [오뒷세이아]를 시작으로 제목만 알고 있거나 이름만 익숙한 철학자들의 책을 읽기 시작했다. 어렵지 않게 읽은 책도 있었지만 도무지 무엇을 말하고자 하는지 가늠하지 못해 혼동의 도가니 속을 헤맨 책들도 많았다. 햇수는 착착 진행됐지만 그만큼 제대로 이해되지 못한 철학개념도 쌓여가는 것 같았다. 언제 어느때든 다시 돌아봐야겠다고 생각했지만 언제나 생각으로 그쳤다.

[데일리 필로소피]를 통해 매일 조금씩, 철학의 주요한 문장, 문구를 만날 수 있었다. 의 구성은 단순하다. 1년을 3개월씩, 크게 네 부분으로 나누어(철학자처럼 아침을 시작하는 법, 나를 지키면서도 단단하게 관계 맺기, 지치고 불안한 마음에 용기를 더하는 말들, 매일 저녁 나의 하루를 의미 있게 만드는 질문들) 365일을 날짜별로 철학의 요점이나 명언 등을 선별해서 수록하고 그 아래에 저자가 해당 글에 설명을 더해놓았다. 분량도 하루 한 쪽이어서 읽는데 부담도 없다.

작년에 매일 톨스토이의 [인생독본]을 읽고 필사했는데 [데일리 필로소피]도 그와 비슷하면서도 달랐다. [데일리 필로소피]만의 독특한 점은 [인생독본]은 톨스토이가 동서양을 가리지 않고 선현들의 글을 모아놓았다면 [데일리 필로소피]는 스토아 철학자들의 글, 스토아 학파 사상가들의 정수를 뽑아서 수록해놓았다는 것이다.

정념과 감정, 욕망, 욕구에 휘둘리지 않고 오직 이성을 중시하고 금욕적으로 살면 자연과 조화를 이룰 수 있고 더 나아가 불안이 없는 최고의 행복을 누릴 수 있다는 스토아학파. 그 철학을 평생 일상에서 실천하며 살았던 세네카, 에픽테토스, 마르쿠스 아우렐리우스. 그들이 남긴 말과 글, 철학은 21세기를 살아가는 내게도 깊은 울림으로 남았다. 이 책과의 만남이, 책 속 철학자들이 전하는 질문이 내 삶의 목적을, 방향을 찾아가는데 좋은 길잡이가 될 수 있으리라 생각한다."
105775371,데일리 필로소피,10,,"데일리 필로소피를 읽고 쓰는 리뷰입니다.마음을 다 잡고 싶어서 도움될만한 책을 찾다가 고르게 된 책이고요.하나씩 끊어져 있어서 잠깐씩 읽기에 좋았어요.오늘 하루에 관한 것,인간관계에 대한 부분, 내 마음에 대한 부분..이렇게 나누어져 있는데 참고하기 좋네요."
105775371,데일리 필로소피,10,https://sarak.yes24.com/review/19363497,데일리 필로소피 지은을 통해 구매를 하게 되었다. 지인이 추천을 통해서 읽어보니 나한테 많은 도움이 되는것같다. 너무나 감사하게 생각하고 있다.좋은 내용이 많아서 좋았습니다. 감사합니다. 철학은 자신에게 좀 더 주의를 기울이라고 말하고 장기판의 졸이 되지 않기 위해 분투하라고 조언한다. 아우슈비츠 강제 수용소의 생존자였던 심리학자 빅터 프랭클은 “인간은 충동에 의해 밀려 나가지만 가치에 의해 다시 끌려 나온다”라고 라고 합니다. 그래서 너무나 좋았습니다.
105775371,매일 아침 만나는 데일리 필로소피,10,https://sarak.yes24.com/review/15725843,"얼결에 시작된 아침 필사.

아니, 얼결이 아니라 좋은 사람들과 더 가까이 노닐고 싶어 시작 한 아침 필사라 해야겠다. 마침 '데일리 필로소피' 책을 서평 할 수 있는 기회도 왔다.

한자리에 죽치고 앉아 냉큼 읽어내는 책이 아니라 매일 아침 보양식처럼 후후 불어가며 조금씩 먹어야 하는 책이다. 아침에 공부하면 머리가 맑다고 하지만 마흔 넘도록 생각해 봐도 내 머리는 아침에 가장 탁하다.

데일리 필로소피와 아침마다 만난 지 일주일이 넘었다. 그 일주일이 내 인생을 뒤바꿔놓진 않았다. 다만, 아침 필사를 마음먹은 내게 고민을 줄어줬다. 고민 없이 하루를 시작할 수 있는 책을 만난 기분에 탁한 정신은 부담 없이 아침을 시작할 수 있었다.

2년 전 나는 막연히 고전과 철학 책을 동경했다. 수없이 인문학의 중요성을 강조 받았으나, 내겐 글깨나 읽는 이들의 으시댐이었고, 넘사벽이라며 힐끔거리기만 했을 뿐이다.

그땐 몰랐었다. 모든 책들은 여러 갈래에서 흘러들어와 바다에 모인다는 사실을. 내가 편하게 읽었던 책 모두 그 갈래에서 함께 흐르고 있다는 것을.

*나는 내가 바라는 모습으로 살고 있을까?

*다른 사람과 비교하지 않고 살아갈 수는 없을까?

*불안과 두려움을 어떻게 극복할 수 있을까?

*진정으로 행복한 삶은 어떤 것인가?

데일리 필로소피

나이 서른의 언덕과 마흔의 언덕은 달랐다.

서른의 언덕은 오르면 끝일 것 같았고, 마흔의 언덕은 다음을 내다볼 수 있는 진정한 산행이었다. 너무 늦진 않았을까 하는 불안감과 젊은 청춘들 곁에서 내게 드리운 세월의 흔적이 초라해질까 하는 부끄러움이었다.

외면에 거울을 디밀면 조밀하게 생긴 잔주름과 작은 상처에도 반흔으로 남겨진 모습뿐이지만, 잠시 거울을 엎어두고 책에 비친 나를 본다. 내면의 웃음이 외면으로 빛을 발하리라는 믿음을 아침마다 조금씩 만난다.

'어제보다 성장한 오늘을 만드는 스토아 철학자들의 습관'이라고 하지만 '스토아 철학자' 따윈 관심 없다.(공부로 들어가는 건 일단 거부함;;) 그저 내 하루를 열어주고 비춰주는 그들의 소리를 가깝게 들을 수 있으매 감사할 뿐.

오늘도 아침 필사를 채워 준 '데일리 필로소피'를 곁에 두어 감사합니다.

<출판사로부터 무료로 제공받아 아침마다 필사로 만나고 있습니다.>"
105775371,데일리 필로소피 : 어지러운 세상에서 자유롭게 살기 위한 매일의 지침들,10,https://sarak.yes24.com/review/15695856,"초판 1 쇄가 발행된 지 일주일밖에 되지 않은 신간 , ' 데일리 필로소피 ' 를 읽었다 . 이 책의 원제는 'The Daily Stoic' 로 , 직역하자면 ‘ 매일 읽는 스토아 철학 ’ 정도가 되겠다 . 마케팅 측면을 고려하여 스토아 철학보다는 포괄적인 의미인 철학으로 제목을 달았겠지만 , 사실 스토아 철학이 추구하는 바가 바로 철학적 사고와 비판적 삶의 태도이기 때문에 , 나는 이 제목이 매우 적절하다고 생각한다 .

매일 음미해볼만한 한 문장을 제시하고 , 아래에 간략한 부연설명을 해주는 것이 이 책의 구성이다 . 365 일에 상응하는 좋은 구절을 하나씩 소개했다 . 차 한잔과 함께 이 책의 페이지를 넘기는 시간은 , 마르쿠스 아우렐리우스 , 세네카 , 에픽테토스의 저작을 친절한 해설과 함께 발췌독하는 시간과도 같았다 .

스토아 학파의 철학은 , 우리가 통제할 수 있는 것과 그렇지 못한 것을 구분하고 , 통제할 수 없는 외부요인 때문에 괴로워하지 말고 내면에 집중할 것을 권한다 . 과도한 욕심과 열정이 스스로를 갉아먹는 것 , 타인의 분노로 인해 평정심을 잃고 판단과 행동을 그르치는 것 , 자만심으로 인해 지적 게으름에 이르는 것 등을 멀리하라고 가르친다 .

고등학교 ‘ 윤리와 사상 ’ 시간에 배운 기억을 꺼내어보면 , 스토아 학파의 철학은 지나치게 이성 중심적이고 , 그래서 다소 심심한 내용을 결론으로 제시하는 철학이라는 편견을 내가 갖고 있었다 . 그로부터 약 15 년의 시간이 흘러 다시 만난 스토아 철학은 전쟁 같은 일터 속에서 나를 지키는 방법과 혼란한 세상 속에서 맑고 명징한 정신을 유지하는 방법을 울림 있는 문장을 통해 가르쳐주는 철학이었다 .

내가 요즘 관심을 갖고 살펴보는 영역은 투자의 세계인데 , 투자의 대가들은 편견 · 과신 · 자만 · 흥분 등을 불러일으키는 세상으 소음으로부터 자신을 보호하고 투자의 원칙을 견지하라고 , 입을 모아 이야기한다 . 또한 건축과 인테리어 등 미학적 요소를 다루는 분야에서도 일가를 이룬 사람들은 불필요한 것을 걷어내는 미니멀리즘으로 나아가는 경우가 많은데 , 그 방향에 공감하는 사람이라면 이 책에 나오는 구절들에 구구절절 공감하며 밑줄을 긋게 될 것이다 .

겉으로 보기에 스토아 학파의 철학은 , 절제와 중용 , 평정심을 강조하기 때문에 하지 말아야 할 것을 잔뜩 처방하는 의사 같기도 하다 . 그러나 보다 세심하게 읽고 다시 한번 생각해보면 , 환자가 질병의 고통으로부터 벗어나 자유롭게 뛰어놀기를 바라는 소아과 의사의 처방을 닮았다 . 실제로 이 책의 상당히 많은 부분에서 ‘ 자유 ’ 를 이야기하고 있다 . 내가 진정으로 바라지 않는 모습을 위해 통제할 수 없는 것에 사로잡혀 있지 말고 , 진정한 내면의 행복과 자유를 마음껏 누리라는 것이다 . 우리를 자유인으로 만드는 철학의 방식인 것이다 .

개인적으로 내가 통제할 수 없는 일들로 바쁘고 힘들었던 2021 년을 보낸 나에게 , 연말에 만난 이 책은 잔잔한 위로이기도 했다 . 책에서 2 월 19 일에 배정된 에픽테토스의 문장 하나를 소개하며 서평을 마무리하고자 한다 . 다이어리에 따로 적어둘만큼 나에게 인상 깊은 문구이기 때문이다 .

“ 만찬에 참석한 사람처럼 삶을 이끌어 가라 . 뭔가 우리 옆을 지나갈 때 적절하게 손을 뻗어 그것을 취하라 . 이미 지나갔는가 ? 그렇다면 붙들지 말라 . 아직 오지 않았는가 ? 그렇다면 그것에 대한 열망을 불태우지 말라 . 하지만 우리 앞에 올 때를 기다려라 . 아이들에게도 , 배우자에게도 , 지위와 부에 대해서도 이와 같이 행동하라 . 그러다 보면 언젠가 신들의 연회에 참석할 자격을 얻게 될 것이다 .”

어지러운 세상에서 진정으로 자유롭게 살고자 하는 분들에게 일독을 권한다 ."
105775371,매일 한페이지,10,https://sarak.yes24.com/review/21995314,매일 일어나서 아침마다 한 페이지씩 읽으려고 구입했어요. 밀린거는 천천히 읽고 오늘부분 읽었네요 ㅋㅋ 명상록 매일 아침마다 읽었었는데 이것도 천천히 읽기 좋을 것 같아요. 가볍게 명언집처럼 되어 있어서 부담없이 읽기 편하네요. 글도 짧아요.
105775371,부담없이 1일 1철학,10,https://sarak.yes24.com/review/21993870,"「데일리 필로소피」는 매일 매일 꾸준히 지루하지 않게 철학을 익힐 수 있도록 구성되어 있다. 독자들이 이해하기 쉽고, 일상에서 직접 실천할 수 있는 철학적 통찰과 사색을 제공한다. 매일 아침 5~10분씩 모닝루틴으로 실천하며 삶을 단단히 다지기에 좋다."
105775371,매일 짧게 만나는 철학적 사유,10,https://sarak.yes24.com/review/21971152,"데일리 필로소피는 하루 한 페이지씩 읽으며 스스로를 돌아보게 해주는 책이다. 짧은 글이지만 스토아 철학의 핵심을 담고 있어 매일 마음을 단단히 다지는 시간이 된다. 바쁜 일상 속에서도 부담 없이 읽을 수 있어 좋았고, 반복해서 읽다 보니 생각과 태도가 조금씩 달라지는 걸 느꼈다. 지겹지 않게 루틴처럼 이어가기에 좋은 책이며, 나를 더 나은 방향으로 이끌어주는 조용한 동반자 같다."
105775371,매일 읽는 철학 한 쪽,10,https://sarak.yes24.com/review/21948974,"1월부터 읽었으면 더 좋았겠지만 2월 첫 날부터 읽는 기분도 좋아요 읽어보니 하루에 한 가지라도 사유할 수 있는 습관을 만들어주는 책이네요 추천합니다 쭉 읽어보겠습니다 2월부터 12월까지, 1월 말까지 쭉 책 한 권을 읽다보면 작은 변화가 생기겠죠"
105775371,"일단 시작하라, 나머지는 따라온다",10,https://sarak.yes24.com/review/21572732,모든 건 행동에서 시작된다. 망설이고 고민하지 말고 일단 시작하라. 많은 생각을 하게 해줬다. 용기도 갖게 됐다. 역시 배움은 독서에서부터 시작되는 것 같다. 나를 위한 성장 나를 위한 행복. 모든 것은 나로부터 시작된다. 곁에 두고 매일매일 읽고 싶다.
105775371,하루를 지탱해줄 철학한줄,10,https://sarak.yes24.com/review/20045006,매일 아침 신문 한 귀퉁이에 있는 오늘의 운세를 보는 설렘으로 책을 펼친다.. 오늘은 어떤 이야기가 있을까? 북쪽으로 가면 귀인을 만난다.대신 누구를 나의 삶에 초대할 것인가. 가 있다. 아..그렇지. 맞아.. 아침 철학 한줄이 그날 중요한 선택의 순간에 나를 지탱해주는 기분이다.
105775371,리뷰,10,,"라이언 홀리데이 작가님의 일리 필로소피 리뷰입니다.

이 시기에 저는 마음이 고단했나봐요. 이런 마음을 다잡는 철학류의 책을 많이 구매했네요.

구매한지 꽤 됐는데 이제야 리뷰를 씁니다 ^^

총 4부로 구성되어있었고요. 저는 그중에 3부인 지치고 불안한 마음에 용기를 더하는 말들 파트가 가장 좋았습니다.

내 마음의 주인으로 살고 있는지에 곰곰이 생각해보게 되었네요.

잘봤습니다!"
105775371,데일리 필로소피,10,https://sarak.yes24.com/review/19134342,"데일리 필로소피

요즘 쇼펜하우어에 이어 뜸금없지만 철학에 빠져 있다.

철학이라는 걸 좀 거리감 있는 사람이었는데

철학적인 사고에 대해서 어렵기도 하고

이 책은 매일매일 부담 없이 생각해보게 되고 어느 특정 철학자가 아니다 보니

다양한 범주에서 읽을 수 있다는게 매력으로 다가 왔다.

매일매일은 못하지만 간간히 읽으면서 도움되는 책이다."
105775371,철학은 어려운 것이 아니다,10,https://sarak.yes24.com/review/18580279,"철학자는 삶의 현장에서 동떨어져 살아가는 존재가 아니다. 우리와 똑같이 숨쉬고, 생각하고, 치열하게 세상을 살아가고 있는 존재다. 다만 삶과 사람, 주변 존재들을 바라보는 시각과 생각의 폭을 좀더 넓고 깊게 가지고 있다는 점이 우리와 다를 뿐. 하루 한 페이지의 그리 길지 않고 짧게 쓰여진 글이지만... 그 폭과 깊이는 넓고 깊다. 글을 읽고 내 삶에 대한 생각을 한 번 더 하게 되고, 주변에 존재하는 모든 것들에 대한 생각의 변화의 물결이 거세게 밀려옴을 느낀다."
105775371,매일 습관.,10,https://sarak.yes24.com/review/18297752,아침에 일어나서 구글타이머 15분 해놓고 매일 읽고 있어요. 딱 15분. 책상위에 올려놓고 읽는 습관. 일단시작하라. 나머지는 따라온다. 즉시 행동하게되는 글인거같습니다. 한문장 한문장 제 삶에 스며들게하려고합니다. 점점 나은 어른이 될수있을거같은 책입니다. 명사를 동사로 바꾸게 만드는 표현들이 많은거같아요. 아침마다 앎이 오는 시간. 데일리필로소피.
105775371,반찬 같은 책,10,https://sarak.yes24.com/review/18213205,"저에게 이 책은 '반찬'입니다.

드립커피를 내리는 활동으로 아침을 시작하는데요,

내려진 커피가 아침 주식, 이 책이 반찬입니다.

커피를 다 마시는 시간보다도 한 페이지를 읽어내는 시간이 덜 걸립니다.

남아 있는 커피를 마시며, 오늘 읽은 내용과 연결되는 일상의 사건이나 마음속에 자리 잡고 있던 고민들을 꺼내어 관찰하곤 합니다.

커피를 내리고, 마시며, 읽어내고 생각하는 이 모든 시간이 20분입니다.

매일 20분 이렇게 보내는 아침식사 시간은, 하루를 시작할 준비를 마친듯한 든든함을 줍니다.

이 책은 작은 사이즈의 지면에, 매 페이지 마다 짧은 글로 구성되어 있습니다.

하지만 그 내용은 세네카, 마르쿠스 아우렐리우스, 에픽테토스 등 현자들의 고민한 흔적과 그들이 찾아낸 통찰을 담아내고 있기 때문에 묵직하고 울림이 있습니다.

어느 날을 화두를 얻고, 어느 날은 방향을 얻으며

너무 무겁지 않게 하루하루 감당 가능한 지혜를 학습하고 있습니다.

가랑비에 비 젖듯 철학에 젖어 가고 있는 것 같습니다."
105775371,데일리,10,https://sarak.yes24.com/review/17701659,고민하다가 두버전을 다 구입 ~ 좋아 ~ 이책은 당신의 일상에 이철학을 직접 적용해야 하는 이유는 간단하다 다 나은 삶을 살아갈수 있는 길을 제시하기 때문이다 스토아 철학자들은 삶의 여정 곳곳에서 맞닥뜨리는 질문에 대한 답을 우리가 살아가는 일상에서 찾았다 삶의 지혜를 만나다 ~ 이책 잘산거 같아요 영어버전도 같이 보면서 좋은데 영어버전은 공부도 된답니다 ? ㅎㅎ 추천합니다 ~ ^^
105775371,데일리 필로소피로 매일 철학과 만나기!,10,https://sarak.yes24.com/review/17603327,"철학이라고 하면, 나에게는 고리타분한 옛 사람들의 이야기처럼 다가오거나 세계적으로 똑똑하다고 유명한 사람들만 이해할 수 있는 알쏭달쏭한 말처럼 느껴진다. 데일리 필로소피는 누구나 다가갈 수 있도록 철학을 쉽게 풀어서 설명해주고 하루동안 생각할 것과 실천할 것을 제시해주고 있다. 매일 한장을 읽는 것이 나에게 꾸준한 습관이 되길 바라며 어제보다 한 걸음 더 성장하는 나의 모습을 기대한다."
105775371,철학이 친근해지는 마법,10,https://sarak.yes24.com/review/16800135,철학이라는건 철학관? 심오하고 어려운 오히려 사주풀이? 이런데서 철학관이라고 하잖아요. 제가 철학에 대해 떠오르면 정말 그게 전부였어요. 그런데 살면 살수록 모순들이 너무많고 내 중심과 기준이 모호해지고 불명확할때 도대체 옛날에 현명한 사람들은 어떻게 살았을까 무슨생각을 하고살았을까 궁금해지다가 요즘은 그래도 철학을 이렇게 캐주얼하게 접근할수있어서 좋은것같아요
105775371,데일리 필로소피,10,https://sarak.yes24.com/review/15778952,"제목은 낯설고 입에 착하고 붙지는 않지만 보면 볼수록 매력 있고 너무 좋아서 욕심내서 읽지 말자고 조금씩 조금씩 읽었다. 많이 사유하고 싶었고, 빠르게 읽어버리고 싶지 않은 책 중의 하나이다. 이 책의 구성은 총 4부로 1월부터 12월까지 하나의 챕터씩 읽을 수 있게 구성되었다.

스토아 철학을 기본 바탕으로 쓰인 책이지만,

딱딱하지도 않고 어렵지도 않고 일기나 수필, 편지 같은 형태로 되어있어서 너무 편안했다.

한 챕터를 여러 번 읽어 볼수록 가슴에 와닿는 이야기들이다.

나는 데일리 필로소피의 책은 매일 달과 월이 적혀있는 대로 읽으면 된다.

하루 건너뛰게 되면 그 다음날 걸 읽고 사색하면 된다.

난 사실 목차 부분을 읽으면서 질문이 너무 맘에 들어서 나의 경험에 맞는 부분을 찾아서 보기도 했다. 예전에 라이언 홀리데이의 『돌파력』을 읽을 때는 마르크스 아우렐리우스의 『명상록』을 바탕으로 쓴 책이었는데 머리맡에 두고 잠자기 전에 읽고 싶은 책이었다면, 데일리 필로소피는 매일 아침을 시작하는 긍정 선언하시는 분들에게 추천한다.

스토아 철학은 지금 코로나 상황의 시련, 혼돈과 비슷하다. 불안하고 불완전한 시대를 살아가고 있어서 대변혁의 시대를 겪고 있는 중이다. 이 책은 이런 상황을 위로해 주는 책이다.

매일 아침을 바꾸는 철학자의 질문을 받고 사는 이유를 찾아야 한다.

내가 하고 싶은 일이 무엇인지 알아야 하고, 그 일을 집중할 수 있으며 시련이 닥쳐도 실망하거나 후회하며 주저앉지 말고 앞으로 나아갈 수 있어야 한다.

어떻게? 사색을 통해서 말이다.

반면에 사는 이유를 모르고 사는 사람에게는 성공도 돈도 권력도 명예도 무의미한 것이 된다.

우리는 이 책을 읽고 ""매일 질문을 받고 오늘 하루를 살아야 하는 이유""를

사색하고 시작해야 한다."
105775371,10분투자로 하루의 시작이 달라지는 인문실용도서,10,https://sarak.yes24.com/review/15758843,"철학서다보면 조금 어렵게 느껴지는데 데일리 필로소피는 한문장, 짧은 단락으로 10분이라는 시간 투자로 하루의 시작의 마음가짐이 달라지는 느낌이다. 마냥 추상적은 느낌보다 일상의 실용적인 답을 제시하며 생각전환을 하게하는 방향을 제시하고 생각하게 만드는 실용도서로 하루를 시작하는 아침 지인과 공유하며 시작합니다. 오랜시간 생각하며 고민하긴보단 쉽게 접근할수있으며 삶에 대한 불안함을 극복하고 용기와 지혜로 다듬어가는 초석같은 도서입니다"
105775371,매일매일아침을 지혜로 깨운다는 아이디어 최고에요,10,https://sarak.yes24.com/review/15751554,"365매일 매일 아침을 깨우는 지혜의 글 좋은데요 책의 내용은 구구절절 제게 최고였습니다 특히 4월 제게 태어난 해에 걱정과 근심의 원인,거절하는 능력등에 대한 내용은 너무 와 닿았네요 사소한 것에 목숨걸지마라 설득하려면 이기심에 호소하라 지금바로 시작하라 일단 시작하라 나머지는 따라온다 카르펨 디엠 등의 내용들은 제 삶에 필요한 변화의 내용이라 보기만 하는게 아니라 실행을 하는데 좋을 듯 합니다 매일매일 이 책으로 시작하는 아침 기대됩니다^^"
105775371,데일리 필로소피,10,https://sarak.yes24.com/review/15750070,"나에게 투자하는 10분

하루를 변화시키는 힘!

『 데일리 필로소피 』

2022년이 시작되고 12일이 지나고 있다.

신년이 되면 많은 계획들을 세운다. 지금 시간이면 신년의 계획들이 느슨해지지는 않았는지 실천은 잘 하고 있는지 흐트러진 초심을 잡아야 하는 시점이다.

해이해지기 쉬운 지금의 시점에 딱 어울리는 책을 소개해 본다.

신년에 만나기 시작한 책 『 데일리 필로소피 』 이다.

『 데일리 필로소피 』 는 스토아학파에서 주장하는 이야기들을 주제로 매일 철학적인 질문들을 던지고 있다.

스토아학파 는 헬레니즘 시대에 기존의 그리스 철학에 비해 절충과 화합을 찾는 방향에서 등장한 사상이다. 스토아학파는 생활 속에서 답을 찾고자 하는 생활 철학의 모습이 보인다.

'쾌락주의'를 기본 바탕으로 하기 때문에 스토아학파는 삶의 목적을 '행복에 있다.'라고 주장한다. '행복은 어디에서 오는가?' 행복은 욕망에 사로잡히지 않는 고요한 마음 즉 마음에 평정을 얻을 때 진정한 행복이 구연된다. 고요한 마음 상태인 '아파테이아'가 윤리적 삶의 이상이며, '인간은 어떻게 살아야 하는가?'에 도달하기 위해서 인간은 자연과 이성에 순응하라고 한다.

스토아학파는 추상적이고 관념적인 가치가 아니라 일상을 살아가는 데 쓸모 있고, 실용적인 답을 찾는 것에 집중했다.

""화는 어떻게 다스려야 하는가?""

""눈앞에 닥친 어려움을 어떻게 다스려야 하는가?""

""성공과 행복이란 무엇인가?""

2000년 전 철학자들의 고민이나 현대 사회를 살아가는 우리의 고민이나 별반 다를바가 없어 보인다.

누구나 죽음과 고통은 피할 수 없기 때문에 인간이 바라보는 문제의 본질 또한 시대가 변해도 바뀌지 않는 것이다.

""내 인생의 답은 어디에서 찾을 수 있는가?""라는 질문에 스토아 철학자들은 ""하루는 모든 날의 다른 이름이다. ""라고 말한다. 즉 우리가 살아가고 있는 오늘에서 온전한 일상을 찾을 수 있다는 것이다.

스토아학파는 우리의 삶이 불분명하며 예측 불가능하다는 사실을 받아들이고, 나의 삶에서 해낼 수 있는 것, 자신이 진정으로 하고 싶은 것에만 집중 하라고 한다. 통제할 수 없는 것에 대한 미련을 버리고 통제할 수 있는 자신의 삶에 집중 해야 한다는 것이다.

우리의 삶은 고통에서 완전히 자유로울 수 없으며, 어떤 어려움에 직면하든 남은 삶을 살아가야 한다. 그렇게 살아가면서 하루하루 눈앞의 문제를 해결하다 보면 어제보다 성장한 오늘을 사랑하게 될 것이다.

저자는 사색을 통해 삶의 이유이자 목적을 우선 찾으라 고 한다. 사는 이유를 명확히 알아야 하고 하고 싶은 일이 무엇인지 알고 그 일에 집중할 수 있다. 목적을 찾게 되면 삶의 시련이 닥쳐도 실망을 하거나 후회하며 주저앉기보다 앞으로 나아갈 수 있는 힘을 얻을 수 있다.

저자는 책을 통해 단순히 스토아 철학을 듣고 이해하는 수준에 그치지 말고 자신만의 분명한 삶의 방향을 찾으라고 말한다.

『 데일리 필로소피 』 에서는 나를 찾고 나에게 집중하라고 한다. 끊임없이 주의를 기울이고 자각하다 보면 나를 찾는 여정에서 평정과 평화를 찾게 될 것이다.

일관성 있게 나를 찾고, 할 수 있는 것과 없는 것, 본질적인 것과 아닌 것을 구분하고, 나의 방향과 목적을 찾고 꾸준히 실천하는 힘을 응원한다.

진정 나를 찾아가는 길이 될 것이다.

『 데일리 필로소피 』는 크게 4부로 구성되었다. 1년 동안 매일매일 사색할 수 있도록 월별, 일별 명언들로 구성했다. 하루 한 문장씩 읽을 수 있는 명언들을 선별하고 그에 대한 설명을 보충하는 방식으로 구성되어 있다. 철학자들의 명문장들과 그 의미들이 매일 나를 찾아온다. 문장의 의미를 생각하다 보면 나의 생각을 더 깊이 이해할 수 있게 된다.

책은 깨끗하게 일어야 한다는 강박이 있는 내가 책에 밑줄이 쭉쭉~ 그으며 읽었다.

특히 아래에 있는 여백은 나를 유혹한다. 제발 좀 쓰라고!

그래서 책의 여백에 문장의 단상을 메모했다. 그냥 지나칠 수 없는 문장들이 즐비했기 때문이다.

재독을 하는 지금은 마음에 드는 문장을 필사하며 정독 중이다.

『 데일리 필로소피 』는 한번 읽고 책장에 두기에는 아까운 책이다.

『 데일리 필로소피 』로 매일 명상을 하면 하루를 함께 시작하는 좋은 친구가 될 것이다.

나를 다스리는 한 문장으로 하루를 시작할 수 있고, 나의 날들에 대한 방향성을 찾을 수 있다.

마음이 복잡할 때 아무 페이지나 읽어도 좋고 꽂히는 문장이 있으면 그 문장을 탐독해도 좋다

언제 어디서나 함께 할 수 있는 장점이 있다.

『 데일리 필로소피 』로 나에게 투자하는 10분이면 하루를 변화 시킬 수 있는 힘을 얻게 될 것이다.

날마다 나를 찾는 기운을 받고 싶다면 꼭 함께 하기를 추천한다.

- 출판사로부터 도서를 제공받고 작성한 지극히 개인적인 생각입니다. -"
105775371,데일리 필로소피,10,https://sarak.yes24.com/review/15734055,"이 책의 띠지를 봤을 때 <타이탄의 도구들> 저자 팀 페리스가 쓴 책인 줄 착각했다. 옆에 사진이 있지만 외국 사람의 얼굴을 기억할리 만무하다. 책의 저자는 생소하지만, 어쨌든 팀 페리스와 트위터 CEO 잭 도시의 철학 멘토라 하니 믿어도 되겠다.

이 책은 QT처럼 매일 아침 스토아학파의 철학 한 문장을 읽고 삶의 지혜를 배워서 독자들의 일상에 적용하는 구조이다. 교회에서 받은 <오직 성령이>라는 제목의 365일 묵상집이 있다. 거기에 철학 학문장씩 읽을 수 있는 <데일리 필라소피>를 추가해서 1년을 멋지게 지내 볼 생각이다.

아무리 후회해도 과거를 바꿀 수는 없다. 우리가 변화시킬 수 있는 것은 오로지 미래다. 그것이 바로 지금 이 순간이 가진 힘이다.

데일리 필로소피 013p

부족한 점이 많았던 2021년은 잊어버리자. 과거에 발목이 잡혀 현재를 망치고 미래를 꿈꾸지 못했던 모든 시간들과 이별한다. 내가 할 수 있는 것에 집중하는 한 해를 만들어 보자. 지난해 4분기에 초고를 완성했다. 2년 반만에 이루어졌다. 그동안 쌓아온 내공도 있었겠지만 무엇보다 목표를 정하고 하루 하루 할 수 있는 것에 집중했기 때문에 가능했다. 올 한해 더 집중하고 더 좋은 결과를 만들어 보자.

중요하지 않은 일을 더 많이 거절 할 때 내 자신이 원하는 방향으로 삶을 이끌어갈 수 있음을 기억하리.

데일리 필로소피 015p

""안돼!!"" 라는 말은 왜 이렇게 하기가 힘든지.... 거절을 못해서 내 계획을 망치기도 하고 하루의 기분이 엉망이 되기도 했다. 내 소중한 시간을 낭비한 적은 또 얼마나 많았는지. 어떤 일이든 처음이 힘든 거다. 한 번이 두 번 되고 두 번이 세 번이 된다. 이렇게 반복적으로 실행하다 보면 자연스럽게 거절할 날이 반드시 올 거라고 생각한다. 내 계획, 감정, 시간은 소중하다. 거절함으로 내 자신을 지켜야 겠다. 주도적인 삶을 살기 위해서는 초점이 '나'에게 맞춰져야 한다. 남의 눈치 살피느라 내 인생을 허비하는 것보다 어리석은 일은 없다. 나에게 집중하기!

우리 마음속에 모든 것이 있다. 바깥 세상에 시선을 집중하지 말고 자신의 내면으로 방향을 돌려야 한다.

데일리 필로소리 021p

내가 통제할 수 없는 외부적인 일에 그동안 어떻게 반응했던가? 스스로 어찌해 볼 방법이 없는 순간에도 그 일을 해결하기 위해 맘 졸이며 스트레스를 많이 받았다. 벌어진 현상을 있는 그대로 인정하지 않았기 때문이다. 내 노력으로 되지 않는 일에 에너지를 소모하지 말자. 내가 할 수 있는 일에 집중하기에도 벅찬 인생이다. 올 한 해는 오로지 나에게 집중하며 보내자.

'스토아 철학은 추상적이고 관념적인 가치가 아니라 일상을 살아가는 데 쓸모 있는 실용적인 답을 찾는 것에 열중했다.'고 프롤로그에 소개되어 있다. '스토아 철학을 따르는 사람들은 늘 행동하는 사람들이었고, 이들에게 스토아 철학은 실천이자 삶을 바꾸는 동력이었다.'고도 한다. 매일 스토아 철학 한 문장을 읽고 나 자신을 성찰해 나가면 1년 후에 나는 분명 다른 삶을 살아가고 있을 것이다. 조급한 마음을 버리고 하루 하루 조금씩 성숙해 가는 나를 기대해 본다."
105775371,책을 읽고 나서,10,https://sarak.yes24.com/review/15733950,"안녕하세요. 위드구루입니다.

아침을 바꾸는 철학자의 질문

이 책의 구성은 다음과 같다.

1부 철학자처럼 아침을 시작하는 법

2부 나를 지키면서도 단단하게 관계 맺기

3부 지치고 불안한 마음에 용기를 더하는 말들

4부 매일 저녁, 나의 하루를 의미 있게 만드는 질문들

저자인 ""라이언 홀리데이""는 우리 시대를 대표하는 사상가이자 미디어 전략가이다.

대중들에게 스토아 철학을 소개하여 실리콘밸리의 철학 멘토로 불리기도 한다.

현재도 작가로 살고 있으며, 기업 컨설팅과 개인 브랜딩을 지원하면서 활동하고 있다.

이 책의 주된 목적은 단순하게 스토아 철학을 듣고 이해하는 수준이 아니라, 자신만의 분명한 철학가 정신과 삶의 방향을 찾기 바라고 있는 것이다.

위 문제에 대한 답을 찾기 위하여 이 책이 쓰인 것이고 주된 목적이라 할 수 있다.

총 4부로 구성이 되어 있고 1월부터 12월까지 매일 하나씩 파악하고 해결할 수 있도록 책의 제목처럼 구성이 되어 있다.

조금 살펴보면 12가지 주제로 구성이 되어 있는데, 실천, 열정, 목적, 모욕, 친절, 삶, 평온, 마음, 정의, 계획, 사랑, 만족 이라는 주제를 가지고 알려주고 있는 것이다.

위와 같은 주제를 1년 내내 매일같이 사색하면서 느끼고 생각할 수 있도록 구성한 것이 저자의 돋보이는 점이다.

비록 철학과는 가까운 사이는 아니지만 앞으로 1년 동안 하나씩 보고 생각하면서 진정한 삶의 방향을 생각하고 뒤돌아 봐야 되겠다.

나는 내가 바라는 모습으로 살고 있을까?

다른 사람과 비교하지 않고 살아갈 수는 없을까?

불안과 두려움을 어떻게 극복할 수 있을까?

진정으로 행복한 삶은 어떤 것인가?

이 책은 출판사로부터 도서 지원을 받아 주관적으로 작성한 것입니다."
105775371,"하루 한 장 철학 읽기, 데일리 필로소피",10,https://sarak.yes24.com/review/15733473,"『데일리 필로소피』라는 제목처럼 이 책은 매일매일 한 장씩 읽기 좋은 철학서예요. 딱딱하고 거창한 철학서가 아니라 일상속에서 잠시 짬을 내어 읽을 수 있도록 철학자들의 명언을 제시하고 아래에 그 나름의 해석을 제시합니다.

아우렐리우스, 에픽테토스, 세네카로부터 이어져 온 스토아 철학은 '실천이자 삶을 바꾸는 동력'입니다. 그들의 명언을 현대의 우리 삶에 어떻게 적용해야 할지 읽다 보면 조용한 깨달음을 얻을 수 있어요. 일년을 4분기로 나눠 1월부터 12월까지 매일 한 장씩 읽을 수 있도록 구성되어 있는데요. 짧지만 그 안에 담긴 글은 많은 생각을 하게 해 줍니다.

작가는 이러한 사색을 통해 '삶의 이유'와 '목적'을 찾고 '자신만의 분명한 삶의 방향을 찾기 바란다'며 '당신이 마주한 문제들의 답을 찾는다는 단 하나의 목적을 위해' 이 책이 쓰여졌다고 이야기합니다.

매일 아침 철학 한 문장, 일상 속 사유의 시간을 갖게 하는 책이에요.

1부. 철학자처럼 아침을 시작하는 법

2부. 나를 지키면서도 단단하게 관계 맺기

3부. 지치고 불안한 마음에 용기를 더하는 말들

4부. 매일 저녁, 나의 하루를 의미 있게 만드는 질문들

목차

각 장에서 마음에 남았던 글귀들을 적어봅니다.

시간의 작은 조각들이 자연에 순응하며 흘러가면, 마치 잘 익은 올리브 한 알이 땅에 떨어지는 것처럼 우리의 마지막 안식처가 우아하게 다가온다. 이 모든 생명을 기른 대지를 찬미하라. 우리를 키워준 나무들에게도 감사하라.

-마르쿠스 아우렐리우스, 명상록 중.

자연의 순리에 따라 세상을 바라보면 죽음 속에도 아름다움이 깃들어 있다.

죽음 속에 깃든 아름다움 중에서

생의 마지막이 다가올 때, 이처럼 감사함과 아름다움을 느낄 수 있다면 좋겠습니다.

시상대와 감옥은 전혀 다른 곳이야. 하나는 높고 하나는 낮지. 하지만 이 두 장소 모두 우리가 자유롭게 선택한 일의 결과에서 비롯된다네.

-에픽테토스, 대화록 중.

그 어떤 상황에 부닥쳤든 중요한 것은 이것이다. 선택의 자유. 우리가 누구이든 또 어디에 있든 무엇을 선택하느냐가 가장 중요하다.

선택이 운명을 결정한다 중에서.

인생은 매순간 선택의 연속이지요. 어떤 선택을 하는지는 오롯이 자신의 몫.

부디 그 선택이 올바른 방향으로 나아갈 수 있기를 바라요.

당신은 선한 사람에게서 선함을 배울 수 있다. 하지만 악한 사람과 어울리면 당신의 영혼까지 파괴될 것이다.

-무소니우스 루푸스, 메가라의 테오그니스에서 인용.

우리는 삶에 누구를 초대할 것인지 항상 고민해야 한다. 내 삶에 초대하는 사람들은 나 자신의 삶을 풍요롭게 만들 수 있는 사람이어야 한다. 괴테는 이어서 이렇게 말한다. ""당신이 시간을 어떻게 보내는지 알게 되면 당신이 무엇이 될 것인지 말해 줄 수 있다.""

누구를 나의 삶에 초대할 것인가 중에서.

내 곁에 있는 이들을 하나하나 떠올려 봅니다. 나이가 들수록 곁에 두고 싶은 사람과 그렇지 않은 사람, 나도 모르게 정해 놓은 기준으로 호불호가 명확하게 갈리는 것 같아요. 앞으로의 내 삶에 어떤 이들을 초대하게 될까요. 또 어떻게 시간을 보내게 될까요.

나는 다른 무엇보다 인간이 자기 자신을 가장 사랑한다는 것에 놀라고는 한다. 그럼에도 인간은 자신에 대해서만큼은 자신의 판단보다 다른 사람의 판단을 더 신뢰한다. (…) 어떻게 나의 생각이 아니라 다른 사람의 판단을 더 신뢰할 수 있다는 말인가.

-마르쿠스 아우렐리우스, 명상록 중.

어떤 일에 대한 다른 사람의 생각을 알기 위해 너무 많은 시간을 소비하지 말라. 내가 생각하는 것이 무엇인지 알기 위해 노력하라. 결과에 대해 생각하는 대신 가져올 효과에 대해, 그리고 그것이 옳은 일인지 아닌지에 대해 더 생각하라.

신경 끄기의 기술 중에서

남들이 나를 어떻게 볼지, 타인의 시선에 많이 좌지우지 되는 경우가 있지요. 남들의 평가가 스스로의 평가보다 중요하게 느껴질 때도 분명 존재합니다. 하지만 이 글처럼 가장 중요한 것은 내가 무엇을 생각하는지 일 거예요.

더 이상 방황하지 마라. 그렇지 않으면 너 자신의 비망록도, 고대의 역사도, 노년에 읽기 위해 수집해 놓은 문집도 읽을 수 없을 것이다. 삶의 목적에 충실하라. 헛된 희망일랑 던져 버리고 너 자신을 구원하기 위해 움직여라. 너 자신을 돌보고 싶다면 할 수 있는 동안 하라.

-마르쿠스 아우렐리우스, 명상록 중.

남겨진 시간이 얼마나 되는지 우리는 알지 못한다. 내일 무엇이 기다리고 있을지도 모른다. 바라는 것이 있다면, 신께 기도하는 것이 아니라 행동으로 실천에 옮겨야 한다.

지금 바로 시작하라 중에서

신께 기도하는 일, 물론 중요합니다만 행동을 하지 않는다면 과연 이루어질 수 있을까요. 기도하는 마음과 동시에 실천하는 행동력이 있어야겠어요.

명언과 함께 부연해준 글들을 통해 잠시나마 생각에 잠길 수 있는 책이었습니다.

매일 아침, 철학 한 문장 읽고 생각하는 시간을 갖는다면 좋을 것 같아요.

이상으로 리뷰를 마칩니다.

감사합니다.

*출판사로부터 도서를 제공받았습니다."
105775371,데일리 필로소피,10,https://sarak.yes24.com/review/15731459,"하루 루틴에 하나의 항목이 추가되었다. 바로 QT 하듯 '매일 아침 철학 한 문장 읽기'다. 미라클 모닝하면서 아침 시간에 여유를 확보하고 아침을 깨우는 말씀에 이어 실용적인 지혜로 채우고자 시작한다. 『데일리 필로소피』는 스토아 학파 철학자들의 명문장을 하루에 한 문장씩 소개하며 삶에 적용시키기를 권하기에 아침을 여는 철학책으로 안성 맞춤이다.

지난 봄 『스토아 수업』으로 우리의 삶에 철학을 깊숙이 스며들게 한 저자 라이언 홀리데이는 매일 하루에 한 문장씩 소개하며 삶에 적용하기 쉽도록 해설을 더한 신작 『데일리 필로소피』로 돌아왔다. 저자는 기계적인 반복을 타파하기 위해서 철학을 공부해야 한다고 강조한다. 1년의 주기에 맞춰서 1분기를 철학자처럼 아침을 시작하는 법으로 시작해 나를 지키면서도 단단하게 관계 맺기, 지치고 불안한 마음에 용기를 더하는 말들, 매일 저녁 나의 하루를 의미있게 만드는 질문들로 분기별로 나누어 자신을 돌아보고 단단하게 만들어 가도록 구성했다.

""철학은 이때 시작된다.

자신의 지배적 도덕원칙에 관해 분명하게 인식하기 시작할 때.""

-에픽테토스, 대화록, 1.26.15

이처럼 철학은 인간을 인도하는 합리성을 훈련하고자 할 때, 감정과 믿음 그리고 누구나 인정하는 진리에 의문을 품게 되었을 때 비로소 철학이 시작된다고 한다. p.75

여전히 수많은 이가 스토아 철학을 찾는 이유는, 스토아 철학은 추상적이고 관념적인 가치가 아니라 일상을 살아가는 데 쓸모있는 실용적인 답을 찾는 학문으로 오늘날에도 여전히 유효하기 때문이다. 데일리 필로소피는 이미 익숙한 문장들이지만, 주옥같은 문장들이라 여전히 한번에 소화하기는 버겁다. 다시 하나하나 곱씹으면서 소화시키고 싶어 성경책과 함께 침대 맡에 자리해 놓았다.

황제가 되려고 하지 말라. 권력에 물들지도 말라. 이런 일은 당신에게도 일어날 수 있다. 그러므로 단순하고, 선량하고, 순수하고, 품위있고, 가식 없는 사람이 되도록 노력하라. 정의의 친구가 되고, 신을 공경하고, 자애롭고 다정하며, 맡겨진 임무에 최선을 다하는 사람이 되도록 하라. 철학을 공부하면서 희망했던 사람이 되고자 최선을 다하라. 신을 두려워하고 이웃을 돌보라. 인생은 짧다. 우리가 삶에서 거둬들여야 하는 수확물은 건강한 인격과 공공의 선을 위한 행동이다. -마르쿠스 아우렐리우스 명상록,6.30 p.112

마르쿠스 아우렐리우스는 우리가 알다시피 황제이자 당대 최고의 부자였으며 가장 강력한 군대를 이끄는 장군으로 로마 시민에게 신으로 추앙받던 인물이었다. 그의 명상록은 끊임없이 자신을 성찰하였기에 권력과 부의 정점에서 자신의 자리를 지킬 수 있었음을 보여준다.

우리가 정점에 이르고자 하는 이유는 자유를 얻기 위함이지만, 정작 성공과 부의 정점에 이른 이들의 삶을 살펴보면 그들의 성취는 자유의 댓가임을 목도하게 된다. 내가 진정 원하는 것은 무엇이고, 나는 무엇을 위해 달려가고 있는걸까. 나의 삶이 좋은 습관으로 채워져 보다 유익한 삶이 되길 바라며 스토아 학파의 기본 원칙을 되새겨 본다.

★스토아 학파의 기본 원칙★

- 정확하게 인식하라

- 적절하게 행동하라

- 통제할 수 없는 것들은 기꺼이 받아들여라"
105775371,매일매일 철학 한문장,10,https://sarak.yes24.com/review/15731062,""" 야! 이 XXX야. 그러니깐 넌 안되는 거야.""

전화기 저 너머로 거친 음성이 들려온다.

작년 12월 가장 추웠던 어느 날 아는 형을 만나기 위해 인천에서 출발해 강남 논현역에 도착했다. 저녁 7시가 안된 시간이었다.

""형, 지금 논현역에 도착했어요""라고 카톡을 보냈다.

""응 알았어. 10분이면 도착하겠네. 슬슬 나갈게!""라며 답장이 왔다.

출구를 통해 슬슬 기어 나와 화장실을 들린 후 느릿느릿 4번 출구를 통해 나오려는 순간 전화가 온다.

""형이다.""

그가 쯧쯧 혀를 차며 말한다.

""야 이 xxx야~ 추워 죽겠는데 왜 이렇게 안 와?""

""000고깃집 앞에 있어."" 10분 넘게 기다리고 있다며 화가 났는지 목소리가 커졌다.

""아!! 알았어요. 빨리 갈게요""

""사전에 형이 카톡에 지도를 보내줘 손쉽게 길을 찾을 수 있었다"" 논현역 0번 출구에서 내려서 작은 골목길로 들어가서 왼쪽으로 꺾은 뒤 직진 도착.

저 멀리서 내가 찾는 형이 보인다. 짧은 스포츠머리에 100kg가 훨씬 넘는 덩치 큰 사람이다. 고등학교 때 씨름을 해서 그런지 왠지 모르게 겉모습이 강호동을 닮았다.

""아이고!! 형님~ 오랜만입니다.""

가까이서 보니 전화 통화 중이다.(뻘쭘)

(잠시 후 전화 통화 끝나는 걸 본 후)

""아니~ 오랜만에 얼굴 보러 왔는데 전화기에 다 데고 그렇게 욕을 해요?""

""그리고 날도 추운데 들어가서 기다리지 왜 밖에서 기다려요.""

""추운데 일단 들어가죠~""

내가 약간 짜증 섞인 말투로 말했다.

(~생략~)

(형님이 뭐라고 했는데 좋은 이야기가 아니어서 기억 안 남, 나는 내가 한 말만 기억남)

마침 창가 쪽에 자리가 있었고 우리는 자리를 잡았다.

그는 마흔 살 넘기고도 결혼하지 않았고, 강남에서 혼자 살고 있었다. 식당에서 일을 했었고 지금은 일을 하지 않는 것 같아 물었다.

""형!! 요즘 일 안 해요?""

""응, 안 해. 꼭 일을 해야만 하냐? ""

너무나 자신감 있는 말투에 오히려 내가 적잖이 놀랐다.

""아~ 아! 그렇죠~""

""저도 일 안 하고 사는 게 좋은 것 같아요. 돈만 있다면!!""

잠시 후 주문한 고기와 반찬이 테이블에 던져졌다. 지글지글 끓고 있는 계란탕과 된장찌개가 올려졌고 고기는 먹기 좋게 구워지고 있었다.

맛있게 고기가 구워지자 쌓였던 감정이 눈 녹듯 사라졌다.

""형~ 한 잔 받으세요""

""오랜만입니다. 형~""

""건배!!""

나는 쓰디쓴 소수 잔에 이를 박았다.

오랜만에 만나 이야기를 나누고 나니 기분이 좋아졌다. 불편했던 감정은 어느새 잊히고 있었다. 그렇게 밤은 깊어만 갔다.

며칠 후 우연히 라이언 홀리데이, 스티븐 핸슬먼이 지은 ""데일리 필로소피""라는 책을 접했다. 그날 형이 나에게 짜증 석인 말투로 이야기했던 이유를 이 책에서 알 수 있었다.

당시 나는""날씨도 추운데 안에 먼저 들어가서 기다리면 되지? 왜 나한테 신경질적이지?""라고 생각하고 지나쳤다.

나는 내가 무슨 큰 잘못을 저질렀다고는 단 1도 생각하지 않았다.

단지 조금 늦장을 부렸을 뿐 내 잘못은 없다며 단정 지었다.

우리는 무의식적으로 자신을 제외하고 다른 이를 문제의 원인으로 보려 한다.

데일리 필로소피

이 글을 읽고 망치로 머리를 한대 맞은 기분이었다.

모두가 내 탓이었다. 순간 기분 나뿐 나머지 원인을 상대방 때문이라고 단정 지었다. 추운데 기다릴 거란 생각을 안 했다. 상대방이 어떤 생각을 가지고 있었을까? 조금만 관심을 가졌더라면 하는 아쉬운 마음이 들었다.

내가 만나는 모든 사람은 어떤 측면에서는 나의 스승이며 분명 그들로부터 배울 점이 있다.

데일리 필로소피

그에 반해 형은 나에게 카톡에 지도를 보내줘 쉽게 찾아올 수 있도록 길 안내를 해주었다.

이런 점은 배워야겠다. 남을 배려하는 마음과 그에 말투에서 나오는 자신감은 배워야 한다.

이렇게 철학은 우리 삶에 깊숙이 자리 잡고 있다.

""데일리 필로소피""는 어려운 철학적 문장을 던져놓지 않는다.

하루에 한편의 글을 읽을 수 있게 명언처럼 짧은 글로 이루어져 있다. 하지만 글의 깊이는 절대로 짧지만 않다. 한 문장 한 문장 그의 문장을 따라가다 보면 나는 어느새 작가가 심어놓은 질문과 해답에서 깊은 생각에 잠겨들게 한다.

그런 의미에서 ""데일리 필로소피""는 참으로 매력적이다. 철학을 처음 접한 나에게 어려움이 아닌 삶에 철학을 심어줬다. 조금은 어렵고 난해한 명언을 작가의 냉철한 판단과 생각으로 읽기 쉽게 풀어나간다.

일상에서 별반 도움이 되지 않을 거라고 생각한 철학을 쉽고 재미있게 읽을 수 있었다. 지겹고 어렵다고 생각한 편협한 생각을 단박에 깨준다.

이 글은 철학이 현실에서 어떻게 활용되고 어떻게 쓰이는지 내 경험을 토대로 작성했다.

<본 서평은 도서를 제공받아 작성하였습니다.>

(코로나19방역수칙을 준수했습니다.)"
105775371,831. 데일리 필로소피,10,https://sarak.yes24.com/review/15730359,"안녕하세요 :)

원하는대로 이루어지는 깡꿈월드입니다.

어제가 새해 같았는데 벌써 중반을 향해 가고 있습니다.

2022년을 더욱더 희망차게 바꿔줄 오늘의 책.

아침을 바꾸는 철학자의 질문

831. "" 데일리 필로소피 "" 입니다.

분명 1월 1일부터 새로운 삶을 살겠다 다짐했지만

아침만 되면 그 다짐이 사라진다.

내일부터 해도 되지 않을까,

5분만 더 자고 일어나면 안 될까?

이런 고민은 가장 위대한 지도자로 손꼽히는

로마 황제 마르쿠스 아우렐리우스에게도 있었다.

그리고 그때마다 그를 바른길로 인도했던 것이

바로 ""스토아 철학""이었다.

당신도 성장하길 원한다면 하루 한 장 이 책을 읽어보자.

우리는 삶의 행복을 위해 살아간다.

돈을 많이 벌고 싶은 것도,

명성을 얻고 싶은 것도 모두 행복해지기 위해서다.

그러나 내가 갖고 있지 않은 것에만 집중하다 보면

지금 행복할 가능성은 무척이나 낮아진다.

이제부터 간절히 바라는 것이 있을 때는

에픽테토스가 말한 '인생의 만찬' 비유를 상기해 보자.

어떤 것을 갖기 위해 잔뜩 흥분했다면

그것이 테이블 저쪽 편에 놓여 있는 것은 아닌지,

다른 사람의 접시 위에 있는 음식을 움켜쥐려는 것은 아닌지 생각해 보자.

그것은 예의가 아니며 불필요한 짓이다.

내 차례가 오기를 기다리다 보면

언젠가 신들의 연회에 참석할 자격을 얻게 될 것이다.

오늘 하루 당신의 계획에 반하는 일이 일어날 수 있다.

오늘이 아니면 내일 일어날 수도 있다.

자꾸만 나타나는 장애물에 모든 걸 포기하고 싶기도 하겠지만

이것은 도약을 위한 발판이라 생각해 보면 어떨까?

생각이 바뀌면 행동이 바뀌고

행동이 바뀌면 인생이 바뀐다는 말처럼

어차피 피해 가지 못할 장애물이라면

내 스스로 불행하다 믿는 것보다

나를 더 강하게 만드는 훈련이라 생각하는 게 낫지 않을까?

금수저를 물고 태어났다면,

더 좋은 머리를 가지고 태어났다면

더 빨리 행복해졌을지도 모른다.

하지만 그들은 행운을 타고났을 뿐

특별한 기술을 가진 것은 아니다.

그러니 특별한 삶의 기술을 가지고 싶다면

운명이 주는 불쾌를 기꺼이 따르자.

의사가 끔찍한 처방을 내리더라도 따라야 하는 것이

환자의 숙명인 것처럼,

자연이 주는 불쾌함 또한 훌륭한 인생을 위한

처방일 수 있기 때문이다.

그러니 지금 바로 시작하자.

세상의 어떤 책에도 인생의 답은 쓰여있지 않다.

내 인생의 답은 다른 누가 아닌 내가 찾아야 할 일이다.

당신이 바라는 것이 있다면,

신께 기도하는 것이 아니라 행동으로 실천에 옮기자.

우리에게 주어진 모든 하루를

마지막 순간처럼 살아갈 때

우린 인생의 정답을 얻을 수 있을 것이다.

# 이 책은 다산북스 출판사에서 제공받아 작성한 리뷰입니다."
105775371,아침을 바꾸는 철학자의 질문,10,https://sarak.yes24.com/review/15730273,새해에 딱 어울리는 철학책!! 매일매일 하루에 한페이지씩 나를 돌아보는 시간을 가질 수 있는 유익한 책!! 서평을 써야 하니 1월부터 12월까지 다 읽어보았지만 하루 한페이씩만 읽으며 매일 다이어리를 쓰듯 읽을 수 있는 책!! 총 12월을 분기별로 주제를 나누고 또 각 달마다의 주제가 있어 체계적으로 스스로에 대한 생각을 해보고 행동할 수 있다. 한페이지씩 읽게 되니 더 깊이 있게 사색할 수 있는점도 좋았다. 질문이 많아서 많이 생각해 볼 수 있는 시간이 되었다. 나에대해 알아가는 과정 나의 정체성을 생각해 볼 수 있는 책이었다. 그리고 1년내내 볼 수 있는 책이라 더 좋았다.
105775371,데일리 필로소피,10,https://sarak.yes24.com/review/15729885,"‘ 아쉽다 !’

이 책을 읽으면서 느낀 , 한 마디다 . 왜냐고 ? 이 책은 하루에 조금씩 찬찬히 음미하면서 읽어야 하는 책이기 때문이다 . 서평 기한 때문에 빠르게 읽어야 한다는 사실이 매우 아쉬웠다 . 조금 더 향에 취해 머물고 싶고 , 조금 더 맛을 음미하며 되새김질하고 싶은 마음을 뿌리치고 책장을 넘겨야 한다는 것이 아쉬웠다 . 책 구성처럼 하루에 한 주제씩 읽을 필요는 없겠지만 , 눈과 마음이 머문 곳에서 , 그 맛과 향을 다 음미할 때까지 머물면서 읽으면 참 좋겠다는 생각이 들었다 .

생소한 깨달음을 주는 책은 아니다 .

철학에 관한 관심이 있거나 책을 자주 접한 사람이라면 , 어렵지 않게 읽힌다 . 하지만 약간 다르게 그리고 반복적으로 강조하는 메시지를 통해 , 조금씩 마음이 다져지는 느낌을 받는다 . 그냥 느낌에 머물고 마는 것이 아니라 , 마음을 다지고 되고 결심하게 된다 . 책장을 덮고 행동으로 옮기는 것까지 가야 완성이라 할 수 있겠지만 , 단박에 되는 건 없다 . 그래서 서평을 쓴 이후 , 곳곳에 표시해 둔 문장을 반복해서 읽으면서 , 조금 더 깊은 향과 맛에 머물려고 한다 . 여력이 되다면 , 매일 해당하는 날짜에 맞춰 필사하고 느낌을 적고 싶다는 생각도 든다 . 책에도 언급되었지만 , 스토아 철학은 삶에서 건진 메시지라 그런지 , 어렵지 않게 받아들이게 되고 생각할 수 있으며 행동하게 동기를 부여한다 . 표시해둔 문장을 다 옮기면 한도 끝도 없을 것 같으니 , 정말 마음과 머리를 때렸던 문장 몇 개만 옮겨본다 .

나이가 들수록 실패에 대한 두려움은 더욱 커진다 . 하지만 그런 두려움이 우리를 위협하도록 내버려두지 말아야 한다 . 우리가 느끼는 두려움은 대부분 실체가 없다 . 그저 느낌일 뿐이다 . 그래서 철학자들은 우리에게 이렇게 말한다 . “ 일단 시작하라 , 나머지는 따라온다 . ” p29

통제 밖의 것을 바라지 말라 . 불안과 초조에 시달리느라 신경질적으로 변한 우리는 걱정과 불안으로 고통 받는다 . 시계의 초점을 응시하고 , 비가 내리는 하늘을 노려보고 , 교통 상황을 체크하고 , 주식 시장의 상황판을 바라보면서 통제할 수 없는 것이 바뀌길 바라는 것은 신이 우리의 세속적인 소원을 들어줄 것이라 믿는 것과 다르지 않다 .

걱정에 사로잡힐 때 스스로 질문을 던져라 . 나의 내면의 실타래처럼 꼬인 이유는 무엇인가 ? 나의 불안은 통제할 수 있는 것인가 ? 그리고 다시 이렇게 물어라 . 지금 이 불안이 나에게 조금이라도 도움이 되는가 ? p47

어렵고 힘든 상황에 닥쳤을 때는 다음과 같은 질문을 던져야 한다 . “ 이것이 진정 내가 원하는 삶인가 ?” 화가 솟구칠 때마다 생명력이 소진된다 . 값을 매길 수 없는 생명력을 어디에다 소진할 것인가 ? 변화를 두려워하지 말라 . 그것이 비록 큰 변화라 할지라도 . p56

“ 내가 왜 그렇게 했지 ?” 스스로 이렇게 묻게 될 때가 있따 . 우리는 모두 이런 경험을 한다 . “ 어떻게 그렇게 어리석을 수 있었지 ?” “ 도대체 그때 무슨 생각을 했던 걸까 ?”

결코 어리석었던 것이 아니다 . 바로 그것이 문제다 . 그때도 머릿속에는 합당한 이유와 지성으로 가득 차 있었다 . 단지 거기에 욕망이 끼어들었을 뿐이다 . 욕망이 우리 몸의 주인이 되어서는 안 된다 . 또한 감정 , 즉각적인 신체적 쾌락 , 호르몬이 일으키는 충동이 우리 몸의 주인이 되게 해서는 안 된다 . 지적 능력에 모든 주의를 기울여라 . 그리고 그 상태로 내버려 두라 .

p58

사람들은 자신의 말을 들어 달라고 요청하지만 우리는 그와 같은 요청을 조언해 달라는 것으로 착각하곤 한다 . 게다가 우리가 들려 주는 이야기는 그들이 듣고 싶은 이야기가 아니라 내가 하고 싶은 이야기일 가능성이 크다 . 말은 충분히 들은 다음에 해도 늦지 않다 . 문제에 대한 답은 이미 말하는 사람의 마음속에 존재하고 있기 때문이다 . p197

분노에 휩싸일 때마다 기억하도록 하자 . 분노는 강렬한 인상을 주지도 못하고 당신의 강함을 증명하지도 않는다 . 분노는 그저 패착일 뿐이며 연약함의 다른 이름이다 . 무엇을 하든 누군가는 자신의 승리를 위해 이런 함정을 우리 앞에 깔아 놓는다 .

분노에 휩싸이지 않는 사람을 겁먹게 할 수는 없다 . 격정이 그들을 통제하는 것이 아니라 그들이 격정을 통제하기 때문이다 . 강함이란 평정심을 유지하는 능력임을 기억하라 . p216

이성은 아래와 같은 기능을 하기 위해 존재한다 . 우리는 이성의 목적을 분명히 해야 하며 그 밖의 것들은 이성의 오염과 부패일 뿐이다 .

선택 : 옳다고 생각하는 것을 택하라 .

거절 : 유혹을 거부하라 .

갈망 : 보다 나은 것을 열망하라 .

혐오 : 부정적인 것들 , 해악을 끼치는 것들 , 진실이 아닌 것들을 혐오하라 .

준비 : 앞으로 일어날 수 있는 일에 대비하라 .

목적 : 더 높은 자질로 이끄는 원칙들을 목적으로 삼아라 .

승인 : 통제할 수 있는 것과 통제 밖에 있는 것으로부터 자유로워져라 . 그리고 후자를 수용하라 .

p227

우리는 어떤 일에 본격적으로 뛰어들고 진지하게 전념하기 위해서는 적절한 시작점이 필요하다고 생각한다 . 또 관계를 개선하고 삶의 질을 향상시키기 위해 휴가가 필요하다고 말한다 . 하지만 이것은 자기기만일 뿐이다 . 우리는 언제 어디서라도 필요로 하는 것을 얻을 수 있고 삶의 질을 개선시킬 수 있다 . 바람직한 삶을 살아가기 위해 어떤 일을 할 수 있는 장소는 바로 당신이 지금 있는 이곳이다 . 세네카는 이렇게 말했다 . “ 어디를 가느냐가 중요한 것이 아니다 . 그곳에 가는 내가 어떤 사람인지가 더 중요하다 .” p241

집착하는 마음이 생기기 전에 자신을 단련해야 하는 이유가 여기에 있다 . 무엇이 되었든 그것 없이 살 수 있어야 한다 . 그래서 에픽테토스는 이렇게 말했다 . “ 진실로 자유르 원하는 자는 관리할 수 없는 것을 욕망하지 않는다 .” 안락함과 편리함 . 쾌락에 의존하도록 스스로를 내버려 두면 , 언젠가 그 의존성으로 말미암아 좌절을 겪게 될 것이다 . p295

아우렐리우스와 세네카는 최선의 복수는 복수하지 않는 것이라고 말했다 . 누군가 당신을 함부로 대했다고 해서 똑같이 무례하게 반응한다면 그들의 행동이 충분히 효과적이었다는 것을 증명해 줄 뿐이다 . 타인의 부정직에 부정적으로 반응해도 마찬가지이다 . 그와 같은 행동은 그들이 옳았음을 , 즉 모든 사람이 부정직하기 마련이라는 그들의 믿음이 옳았음을 증명할 뿐이다 .

최상의 복수는 ‘ 그럼에도 내가 행복하게 사는 것 ’ 이다 . 타인의 귀감이 되자 . 언제나 도덕적으로 살아가려는 태도에서 고귀함이 나온다 . p317"
105775371,데일리 필로소피,10,https://sarak.yes24.com/review/15729358,"https://blog.naver.com/0183234123/222616751571

안녕하세요. 신간 책을 소개하는 북 큐레이터입니다.^^

오늘 소개해 드릴 책은 철학 책인데요.

마르쿠스 아우렐리우스 황제부터 고대 사상가 세네카, 노예 출신의 철학자 에픽테토스 등 스토아 철학을 대표하는 철학자들의 생생한 메시지를 하루 한 장씩 읽을 수 있도록 구성되어 있습니다.

시대를 초월해 여전히 우리에게 강력한 울림을 주는 이들의 격언과 함께 라이언 홀리데이 저자의 특유의 명징하고 친근한 해설이 더해져, 누구나 자기 삶에 이들의 지혜를 적용할 수 있게 구성되어 있습니다.

‘삶의 목적은 무엇이고 우리는 어떻게 살아야 할까?’

인생의 고비에 부닥칠 때마다 우리는 자신에게 질문을 던지지만, 확실한 답을 찾기가 쉽지 않습니다.

2천 년 전, 스토아 철학자들은 삶의 여정 곳곳에서 맞닥뜨리는 질문에 대한 답을 우리가 살아가는 일상에서 찾았습니다.

그래서 이 철학은 깜짝 놀랄 만큼 현대적이며 실용적으로 우리에게 다가옵니다.

철학은 답을 내놓을 수 있어야 한다.

- 세네카

「매일 한 걸음씩 나아가는 삶을 위하여」

스토아 철학을 따르는 사람들은 대담하게 조언한다.

우리의 삶이 무작위적이고 불분명하며 예측 불가능하다는 사실을 먼저 겸허하게 받아들이라고 말이다.

역설적이게도 그 토대 위에서 우리는 이 짧은 인생에서 해낼 수 있는 것, 자신이 진정으로 하고 싶은 것에만 집중할 수 있다.

「매일 이기는 싸움을 하고 있는가?」

라인홀트 니부어는 이렇게 기도했다.

“신이시여. 저에게 변화시킬 수 없는 것을 받아들일 수 있는 평온함을, 변화시킬 수 있는 것을 변화시키려는 용기를, 그리고 그 둘의 차이를 알 수 있는 지혜를 주시옵소서.”

어린 시절 겪었던 학대의 고통은 바꿀 수 없다.

이미 내린 결정을 취소할 수도 없으며, 아무리 후회해도 과거를 바꿀 순 없다.

우리가 변화시킬 수 있는 것은 오로지 미래다.

그것이 바로 지금 이 순간이 가진 힘이다.

에픽테토스의 말처럼 통제할 수 있는 것만을 통제해야 한다.

「내 삶의 주인이 되는 법」

철학은 자신에게 좀 더 주의를 기울이라고 말하고 장기판의 졸 이 되지 않기 위해 분투하라고 조언한다.

아우슈비츠 강제 수용소의 생존자였던 심리학자 빅터 프랭클은 “인간은 충동에 의해 밀려 나가지만 가치에 의해 다시 끌려 나온다” 라고 했다.

진정한 가치를 생각할 때 꼭두각시 인형이 되지 않을 수 있다.

끊임없이 주의를 기울이고 자각하는 것만이 우리를 삶의 주인으로 설 수 있게 한다.

「자부심은 나의 적이다」

에픽테토스는 “이미 알고 있다고 생각하는 사람을 가르치기란 불가능한 일” 이라고 말했다.

자신이 이미 완벽하며 널리 존경받는다고 생각하는 한 우리는 어떤 덕성도 함양할 수 없으며 타인의 존경을 얻는 것도 불가능하다.

그런 의미에서 그릇된 자부심과 자기 기만은 미덕의 적이다.

그러므로 우리는 우리를 속이기 위해 기민하게 달려오는 자부심을 적대하는 마음으로 대해야 한다.

「나와 타인 모두에게 관대하라」

소크라테스는 말했다.

“고의로 잘못을 저지르는 사람은 없다.”

자기 자신을 되돌아보면 이 말을 바로 이해할 수 있다. 그 전부를 기억할 수는 없지만 악의도, 의도도 없이 저지른 잘못이 우리에게도 얼마나 많았는가?

자신의 잘못을 용서하는 것처럼 타인을 용서하라.

우리에게 잠재력이 있는 것처럼 그들에게도 잠재력이 있다.

이를 잊지 말고 나와 타인 모두에게 관대해져라.

「역경의 쓸모」

힘겨운 시기를 이겨낸 사람들은 훗날 그 시절을 영광의 상처로 기억하곤 한다.

여기에 더해 불운은 우리에게 또 다른 도움을 준다.

세네카의 말처럼 경험하고 이겨내면서 우리는 자신의 능력을 훨씬 더 잘 이해하게 되고 내면의 장점을 발견하게 된다.

또 매서운 시련은 가까운 미래에 닥쳐올 수 있는 유사한 역경을 이겨낼 수 있도록 힘을 준다.

힘든 시기를 겪고 있다고 상황이 녹록지 않다며 불평하지 말자.

“나를 죽이지 못하는 것은 나를 더욱 강하게 한다”라는 니체의 말처럼 역경에 감사하자.

「흘러가는 대로 두어라」

어떤 사람도 같은 강물에 두 번 발을 담글 수는 없다.”

강물이 쉼 없이 흘러가는 것처럼 사람도 변하기 때문이다.

삶은 계속 변한다.

사물이 변한다고 화를 내는 것은 그것들이 영원할 것이라는 잘못된 가정 때문이다.

재물, 권력, 지위, 명예, 심지어 사랑마저도 붙들어 둘 수 있는 권한이 우리에게는 없다.

모든 것은 변한다.

흘러가는 대로 두어라.

「무엇으로 마음을 채울 것인가」

돈이란 밑이 뚫린 자루와 같아서 채워도 채워도 채워지지 않는다.

성공이란 끝이 없는 산봉우리와 같아서 올라도 올라도 정상에 다다를 수 없다.

사랑이란 한철 피었다 지는 꽃과 같아서 피고 또 피어도 지는 걸 막을 수 없다.

돈과 성공과 사랑은 우리가 그것을 잡았다고 생각했을 때 사라져 버리는 안개와 같다.

우리가 영원히 가질 수 있는 것은 오직 마음속에 있다.

내가 아름답다고 생각하는 도덕적 가치만이 죽는 날까지 내 마음을 떠나지 않고 채워준다.

「지금 바로 시작하라」

우리가 최종적으로 해야 할 일은 행동이다. 그러니 앞으로 나아가라.

세상의 어떤 책에도 답은 쓰여 있지 않다.

선택과 결정 그리고 행동만이 있을 뿐이다.

그리고 그것은 다른 누가 아닌 내가 해야 할 일이다.

남겨진 시간이 얼마나 되는지 우리는 알지 못한다.

내일 무엇이 기다리고 있을지도 모른다.

바라는 것이 있다면, 신께 기도하는 것이 아니라 행동으로 실천에 옮겨야 한다.

이 책의 좋은 점은 다소 무거울 수도 있는 생각거리를 하루에 1개를 제시하고 있습니다.

우리는 매일 과중한 업무에 시달리고, 부모라는 막중한 책임감에 짓눌리며, 틀어져 버린 인간관계로 번민에 시달리기도 하고, 노후 걱정으로 잠을 이루지 못하거나 망쳐버린 젊은 날을 후회하기도 합니다.

사는 게 아니라 살아지는 것 같습니다.

하지만 우리는 어떤 어려움 앞에서도 흔들리지 않도록 마음을 훈련하고, 나에게 주어진 삶의 문제를 받아들이며 삶을 살아가야 합니다.

황제였지만 늘 자만을 경계했던 마르쿠스 아우렐리우스,

노예 출신이라는 역경에 굴하지 않고 정신적으로는 누구보다 풍요로운 삶을 살았던 에픽테토스,

폭군 치하에서 삶과 죽음 사이를 걸어가면서도 매일 밤 글을 쓰며 더 나은 삶을 살고자 했던 세네카.

이들은 모두 스토아 철학자입니다.

인생의 답을 구하는 우리를 향해 아우렐리우스는 이렇게 말합니다.

“삶에 필요한 기술은 춤이 아니라 레슬링을 더 닮았다. 우아하게 살기 위해서는 뜻하지 않는 기습공격을 이겨 낼 준비와 굳건히 버텨 낼 능력이 필요하다.”

현실의 삶을 탐구하며 던진 질문과 그에 대한 철학자들의 대답에서는

망설임을 멈추고 시작하는 법,

나를 지키며 타인과 단단하게 관계 맺는 법,

지치고 불안한 마음에 용기를 더하는 법 등

행복한 삶을 위한 지혜를 발견할 수 있습니다.

https://blog.naver.com/0183234123/222616751571

부족한 글 끝까지 읽어주셔서 감사합니다^^

★ 2022년 성공 루틴을 함께 만들고 응원하는 카페입니다.

참여해 주세요^^

https://cafe.naver.com/bekanze68

출판사로부터 책만 제공받아 직접 읽고 서평 하였습니다."
105775371,데일리 필로소피 - 매일 철학 한쪽,10,https://sarak.yes24.com/review/15728654,"'필로소피' - 지혜를 사랑하는 것 ; 그것이 철학.

'필로' 사랑하다

'소피' 지혜

이 책 <데일리 필로소피>는 시대를 초월해서 지혜를 주는 철학, '스토아 철학'을 편하게 읽을 수 있게 하루 한 쪽으로 구성한 실용적인 철학 책이다.

('데일리 필로소피' 표지)

< 스토아 철학 >

""기원전 3세기 초, 제논 은 거상이었지만 배가 난파되어 막대한 재산을 잃는 불행을 겪었다.

이에 불행을 다스리는 방법 을 연구하다 '스토어 철학'을 창시했다.

그리스어 스토아(stoa)는 '기둥'을 뜻한다. 그가 제자들을 가르친 곳이 기둥이었기 때문에.

그 말이 철학의 이름이 되었다. "" (위 책 프롤로그에서 발췌 정리)

( 영어에 스토어(store)는 가게를 뜻하는데 이 말도 기둥을 뜻하는 그리스어에서 왔을까? 비슷한 어감이 들어 잠시 궁금한 생각이 들었다. 알고 계신 분이 있으시다면 댓글로.....)

'노예 출신 철학자' 에픽테토스와 '철인 황제' 마르쿠스 아우렐리우스,

'망치를 든 철학자' 니체에서 '대문호'셰익스피어, '오마하의 현자' 워런 버핏까지.

시대와 공간을 초월해 큰 영향력을 끼친 이들의 공통점은 바로

스토아 철학의 신봉자들.

('데일리 필로소피' p4)

서양의 문화, 철학, 역사에서 한번쯤 이름을 들어본 이들.

이들은 왜 '스토아 철학'에 빠졌을까?

스토아 철학의 어떤 점에 매료되었고 지금까지도 이 철학이 살아남아 우리에게 전해지는 이유는 무엇일까?

전해지는 '스토아 철학'의 내용은 어떤 것일까?

'데일리 필로소피' 지은이 ; 라이언 홀리데이, 스티븐 핸슬먼

('데일리 필로소피' 책 앞뒤 날개 일부분에서)

'데일리 필로소피' 책의 구성

요즈음 유행인 것 같다.

'하루 1장 *** ' 식의 책 말이다. 유튜브나 인터넷 등의 영향으로 독서층이 많이 줄고 있다고 하니 하루 한 장 시리즈가 유용한 것 같다. 하루 한 장 읽는 것은 마음만 먹는다면 그리 어려운 일이 아니니까.

이렇게라도 책을 읽는 층이 많아지면 좋겠다.

솔직히 말하면, 사실 이 책도 '하루 한 장'시리즈와 별반 다를 바 없을 것이라고 짐작했었다.

그러나 아니었다.

책은 총 4부분으로 나누어져 있는데

제 1장은 자신에 대해 - 자신의 감정 조절, 통제, 등 개인적인 나에 대해

제 2장은 사람 사이 관계에 대해

제 3장은 불안한 마음을 단단히 하는 지혜들에 대해

제 4장은 좀 더 차분히 자신의 감정을 마무리할 수 있는 내용들 로

의미 있게 구성되어 있다.

이런 구성이 좋다.

좋은 말들을 그냥 나열한 것이 아니라 사계절의 순환처럼,

봄, 여름, 가을, 겨울의 철학 이라고 표현해도 될 정도로 리듬을 가지고 구성했기 때문이다.

나는 사계절로 파악했지만,

책의 차례는 하루를 기준으로 아침에서 저녁까지로 1부에서 4부를 표현하고 있다.

즉, 시작과 중간, 끝으로 철학의 흐름을 구성했다고 파악한 것은 어느 쪽이든 같다고 본다.

아래는 그 차례를 비롯한 책의 일부분들이다.

('데일리 필로소피' 차례와 일부분)

철학 책은 하루 한 쪽 읽기 정말 좋은 책이다.

하루 한 가지 화두만으로도 우리 생각의 깊이를 깊고 넓게 만들 수 있기 때문이다.

작가 지망생이라면 하루 한편 글쓰기 주제로 삼아 '워밍업 시간'으로 삼기에도 더없이 좋다.

음악 연주자도 조율하는 시간이 필요하고

운동선수들도 몸 푸는 시간이 필요한 것처럼

글 쓰는 작가들도 집중을 시작하는 시간이 필요하다고 어느 책에서 읽은 것 같다.

('데일리 필로소피' 표지)

'데일리 필로소피' - 그 시작과 끝

2022년 신년 첫해 첫 장의 '데일리 필로소피'는 어떤 내용일까?

설레는 마음으로 책의 첫 장을 펼쳐 본다.

('데일리 필로소피' 일부분)

이런 이야기를 많이 들어 보았다.

"" 우리 삶에는 통제할 수 있는 부분과 통제할 수 없는 부분이 있는데, 통제할 수 있는 나의 선택에 집중하라 ""

이 내용이 스토아 철학의 한 내용 이었구나 새삼 알게 되었다.

그럼, 2022년 마지막 날의 지혜는 어떤 내용일까?

('데일리 필로소피' 일부분)

1년 뒤에 이 글을 다시 보게 된다면 어떤 마음일까?

1년 동안 방황하면서 시작도 못하고 지금과 같은 무의식의 시간들이 흘렀을까?

아니면, 실패하더라도 치열하게 도전했던 한 해가 떠오르게 될까?

그 시작점에 있는 오늘!

많은 생각을 하게 한다.

요모조모 실용적인 스토아 철학 책 - '데일리 필로소피'

"" 깨달음은 모방에서 시작된다.

- 사람들을 지배하는 원칙을 눈여겨 보라. 특히 지혜로운 사람들의 원칙을 보라. 그들이 무엇으로부터 멀리 달아나려 하고 무엇을 추구하는지에 대해서

타인의 성공에 대한 두 가지 관점.

- 스스로를 위해 아주 어려운 일을 하고자 한다면 그것이 불가능하다고 상상하지 말라. 그것이 가능한 일이라 생각하라. 인간의 본성에 적절한 일이라면 당신 또한 쉽게 성취할 수 있다.

운명보다 강한 영혼

- 영혼은 어떤 운명보다도 강하다네. 영혼은 선과 악 어디로든지 자신을 스스로 이끌어가며 행복하거나 불행한 삶의 원인이 되기 때문이야.

악의 평범성

- 불공정함이란 우리가 무언가를 할 때 일어나지만, 아무것도 하지 않을 때 일어나는 경우도 적지 않다. ""

---------- 이상 '데일리 필로소피'에서 몇 가지 발췌 정리했음 ------------

읽으면서 정말 놀라웠던 점은 어디선가 들어 보았던 내용들이 많았다는 것이다.

수백 년 전의 지혜가 오늘날 일상을 살아갈 때도 고개를 끄덕이게 한다.

이외에도 365개의 멋진 지혜들이 '데일리 필로소피' 안에 있다.

새로운 한 해가 시작되는 이때, 가까운 고마운 사람에게 선물로 이 책은 어떨까 생각해 보았다.

수첩 못지않은 멋진 선물이 될 것 같다.

분명, 이 책은 삶에 대한 용기와 새로운 삶의 방향에 대한 아이디어를 생각나게 해줄 것이다.

지금 내 삶이 책 한 권 읽을 수 없을 만큼 힘들다면,

더 힘든 선택을 하지 않기 위해서라도 지혜가 필요하다.

이 책은 그 지혜를 얻을 수 있는 작은 불꽃이 되어 줄 것이다.

삶을 견뎌야 할 때, 하루 1분 희망을 얻는 시간. '데일리 필로소피'로 지치지 않기를........

분명 힘든 삶에 용기과 희망을 주는 지혜를 전해줄 것이라고 확신하다.

그 이유는 '스토아 철학'의 탄생이 그런 절망과 불행 속에서 나온 통찰이기 때문이다.

('데일리 필로소피' 표지)

*출판사로부터 도서를 제공받아 작성한 글입니다.

#데일리필로소피 #스토아학파 #다산북스 #라이언홀리데이 #하루철학 #매일철학 #철학 #스티븐핸슬먼 #선물책 #교양도서 #지혜 #필라소피"
105775371,"데일리 필로소피 (라이언 홀리데이 외, 2021, 다산초당)",10,https://sarak.yes24.com/review/15728193,"2022년 새해를 잘 시작하고 계시나요? 매일 하루를 쌓아가는 데 있어서 좀 더 의미 있게 보내려면 어떻게 하면 좋을까요. 저의 경우는 아침에 책을 읽거나 공부를 하는 것으로 시작하는데 나름 의미가 있고 좋습니다. 하지만 이왕이면 좋은 글이었으면 더 좋겠죠. <데일리 필로소피>는 라이언 홀리데이가 스토어 학파 사상가들의 정수를 뽑아 만든, 하루에 한 문장씩 읽을 수 있게 만든 책입니다.

책은 하루에 한 장씩 읽을 수 있도록 스토아 철학자들의 문장 하나와, 이에 대한 해설을 담고 있습니다. 세네카, 마르쿠스 아우렐리우스, 에픽테토스 등 당대 유명 철학가들의 문장을 하나씩 기록하고, 자세한 설명을 써 주고 있어서 이해를 돕습니다.

문장 하나하나가 무척 좋아서, 하루에 한 장씩 아껴 읽게 만드는 것 같습니다. 저도 이 책을 받은 이후 아침을 이 책으로 시작하고 있는데, 읽다 보면 정신이 맑아지는 기분이 드네요.

또 매월 다른 테마를 담고 있어서 질리지 않고 쭉 읽어나갈 수 있게 만들어 줍니다. 다양한 내용을 담기 위한 저자의 노력이 느껴지는 부분이기도 합니다. 생각의 방향을 다양하게 뻗어나갈 수 있게 해준다는 점에서 참 유익하고 재미있네요.

그냥 매일매일 읽어나가는 것도 좋지만, 좋은 문구가 있으면 필사를 하는 것도 좋을 것 같습니다. 워낙 좋은 문구가 많아서 어느 문구가 좋다고 고르기 힘들 정도로 하루하루 책을 읽는 것이 즐겁게 느껴지네요.

새해에 새로운 삶을 살아보고 싶으신 분이라면 이 책을 통해 한번 새롭게 도전해 보시는 건 어떨까요? 좋은 시작이 될 수 있을 것입니다. 아침을 좀 더 길게 쓰고 싶으신 분들께 추천드립니다.

* 본 포스팅은 출판사로부터 책을 제공받고, 느낀 점을 솔직하게 작성하였습니다."
105775371,데일리 필로소피,10,https://sarak.yes24.com/review/15728000,"보통 '철학'이라고 하면 어려운 개념부터 생각나는 분들 많이 계시지요? 철학도 알고 보면 종류가 많은데요, 이 책에서 다루고 있는 철학은 <스토아 철학>이에요.

스토아 철학은 추상적이고 관념적인 주제를 다루는 것이 아니라, 우리가 살아가면서 부딪히게 되는 일상의 것들의 문제에 답을 찾는 철학이에요. 예를 들면, 화는 어떻게 다스려야 하는가?, 성공과 행복의 차이는 무엇인가?, 매일 이기는 싸움을 하고 있는가?...... 이런 내용들이지요. 철학가들은 이런 문제들에 어떻게 답을 했을지 궁금하지요?

1월 - 오늘 하루, 무엇을 실천할 것인가?

2월 - 나는 언제 열정을 느끼는가?

3월 - 내 삶을 이끄는 목적은 무엇인가?

4월 - 모욕적인 상황에 어떻게 대처할 것인가?

5월 - 왜 다른 사람에게 친절해야 하는가?

6월 - 삶이라는 전쟁터에서 어떻게 나를 지킬 것인가?

7월 - 몸과 마음의 평온은 어디에서 오는가?

8월 - 내 마음의 주인으로 살고 있는가?

9월 - 옳은 일을 해야 하는 이유는 무엇인가?

10월 - 계획한 일들을 충실히 해냈는가?

11월 - 진정으로 자신을 사랑한다는 것은 어떤 의미인가?

12월 - 스스로 만족할 만한 하루를 보냈는가?

아침에 일어나는 것은 거의 대부분의 사람들이 힘들어하는 일입니다. 새벽형 기상을 오랫동안 실천하고 있는 사람들에게도 물어보면, 아직까지도 일어나는 것이 힘들다고 그러더라고요. 그럴 때, <데일리 필로소피>에서는 이런 생각을 하면 된다고 합니다.

이 세상에 나를 존재하게 하는 일을 하기 위해 일어나야 한다. 나는 기껏 이부자리나 끌어안고 살기 위해 태어났는가?

이렇게 생각하고 있으면 제자리에서 벌떡~~ 일어날 것 같아요. 이부자리나 끌어안으려고 태어난 것은 확실히 아니니까요. 물론 잠은 우리 삶에 있어서 아주 중요하지요. 그러니 하루에 7-8시간은 꼭 자야 한다고도 말하는 것이고요. 그러나 정해진 시간 이상 잠을 자는 것은 시간을 낭비하는 것입니다. 그만큼 우리의 가치있는 삶이 줄어드는 것이니까요.

당신은 지금 살기 위해 자고 있는가, 자기 위해 살고 있는가?

사람들은 걱정을 사서 하는 경우가 많습니다. 그런 걱정들의 대부분은 결국 일어나지도 않는 일이라고 해요. 그렇게 가만히 앉아서 걱정만 하고 있는 대신 무엇이든지 행동으로 옮긴다면 그런 불안감이 사라진다고 해요.

걱정은 보통 어떤 일이 막연하게 느껴질 때 많이 생기는 것 같아요. 그럴 때는 일을 쪼개고, 일의 순서를 정하고, 시간을 분배하면 의외로 걱정이 덜어지는 경우가 많더라고요. 일단 부딪혀보자는 정신도 많이 도움이 되는 것 같아요.

매일매일 읽을 수 있도록 구성되어 있어서 좋아요. 게다가 어렵지 않은 일기 혹은 에세이 형식의 철학책이어서 부담없이 읽을 수 있어요.

매일 아침, 철학 한 문장을 읽는 건 하루를 바꾸는 가장 간단한 방법이다.

하루하루 변화하고 싶으신 분들에게 추천합니다. 새해를 맞이해서 <데일리 필로소피>와 같은 양서와 함께 시작하면 너무 좋을 것 같아요."
105775371,데일리 필로소피 아침을 바꾸는 철학자의 질문,10,https://sarak.yes24.com/review/15727238,"라이언 홀리데이

사상가이며 미디어 전략가, 베스트셀러 작가

실리콘밸리의 철학 멘토

스티브 핸슬먼

문학 에이전트로 일하고 서점도 운영

하버드 대학원에서 철학 박사 학위를 받음

매일 한 걸음씩 나아가는 삶을 위하여!

2022년을 의미 있게 살아가기 위한 다양한 계획과 결심을 새해에 세우셨죠?

데일리 필라소피 는 하루를 바꾸는 철학 읽기 책입니다. 매일 아침 철학 한 문장으로 하루를

시작해 보는 것입니다.

아우렐리우스, 에픽테토스, 새네카로부터 니체, 셰익스피어, 워런 버핏까지 질문과 사색,

그리고 대답으로 이어온 삶의 지혜를 만날 수 있습니다. 하루를 바꾸는 가장 간단한 방법이죠.

철학이라고 지레 겁먹을 필요가 없습니다.

저도 플라톤. 소크라테스 같은 유명 철학자들의 이름과 누구나 아는 명언 정도만 알고 있어요.

데일리 필라소피는 스토아학파 철학자의 글로 이루어진 책입니다.

p5

스토아 학파는 기원전 3세기 초

제논에 의해 창시된 철학 학파이다

불행을 다스리는 방법을 연구하다 이 철학을

창시했다. 그가 제자들을 가르친 곳이

기둥이었기 때문에 기둥을 뜻하는

그리스어 스토아 (Stoa)가

이 철학의 이름이 되었다

스토아학파의 철학은 딱딱하고 어려운 철학이 아닙니다. 일기와 편지, 수필과 같은 형태로 사람

들에게 전해져 오고 있습니다. 일상을 살아가는 데 쓸모 있는 실용적인 답을 찾으려고 노력한

철학입니다.

하루는 모든 날의 다른 이름이다

p5

우리가 살아가는 하루하루에서, 평범한 일상에서 어떻게 살아가야 하는가를 고민하는 것.

이것이 이 책이 전하고 싶은 하루의 철학입니다.

1년 12개월을 4부로 나누어 3개월씩 묶어놓았어요.

1부 전체의 주제는 '철학자처럼 아침을 시작하는 법'입니다.

1월의 주제 '오늘 하루, 무엇을 실천할 것인가?'

2월의 주제 '나는 언제 열정을 느끼는가?'

3월의 주제 '네 삶을 이끄는 목적은 무엇인가?'

데일리 필로소피 는 독자에게 매일 한 개의 질문, 생각해야 할 주제를 제시합니다.

1월 6일 나는 누구인가?

질문 아래에 철학자의 문장이 실려 있습니다.

세상의 질서를 알지 못하는 사람은 자기가 어디에 있는지를 알지 못한다. 자기 삶의 목적을 모르는 사람은 자기가 누구인지 세상의 질서가 무엇인지를 알지 못한다. 이런 것들을 하나도 이해하지 못하는 사람은 자기가 존재하는 목적을 알지 못한다. 이처럼 자신이 누구이며 어디에 있는지도 제대로 알지 못하는 사람들의 찬사를 갈구하거나 회피하도록 만드는 것은 무엇인가?

마르쿠스 아우렐리우스, 명상록, 8.52

그리고 저자가 짤막하게 명언에 숨겨진 철학의 요점을 보충 설명합니다 .

분량은 1일 1페이지입니다.

+나는 내가 바라는 모습으로 살고 있을까?

+다른 사람과 비교하지 않고 살아갈 수는 없을까?

+불안과 두려움을 어떻게 극복할 수 있을까?

+진정으로 행복한 삶은 어떤 것인가?

스토어학파의 철학은 현대적이고 실용적인 철학이라고 할 수 있어요. 현재 고민과 질문에 지혜

로운 대답을 해주고 있기 때문입니다. 질문으로 시작하는 하루의 삶이 더 나은 삶을 살아가게 합

니다. 하루를 의미 있게 보내기 위해 우리는 질문하는 삶을 살아야 합니다.

데일리 필로소피 에는 로마 황제 마르쿠스 아우렐리우스, 노예 신분이었지만 철학자들의

스승이 된 에픽테토스, 네로 황제의 스승 세네카의 글이 실려 있습니다.

데일리 필로소피 는 다양하게 활용할 수 있는 책입니다. 한 번에 정독을 할 수도 있고 책상 위에

두고 매일 한 페이지씩 천 천히 읽어 가는 것도 좋은 독서방법 같아요. 철학자의 질문에 나만의

대답을 할 수 있다면 생각이 확장되는 경험을 하게 될 것입니다.

저는 한 페이지씩 천천히 다시 읽고 있습니다.

질문에 대한 답이 철학자 혹은 저자와 다를 수도 있습니다. 다른 답을 찾는 것은 또 다른 나만의

철학을 하는 것이 될 수도 있습니다.

2022년 철학 한 문장으로 하루를 시작하고 그에 대한 나만의 대답이 365개 만들어진 다면 한층

더 성장하는 한 해가 될 것 같습니다.

+책 뒤에 참고문헌이 없어서 조금 아쉬웠습니다.

+출판사로부터 도서만 제공받아 자유로운 느낌으로 쓴 글입니다.

#다산초당 #데일리필로소피#다산북스"
105775371,2201 데일리 필로소피를 읽고,10,https://sarak.yes24.com/review/15726140,"나는 내가 바라는 모습으로 살고 있는가?

다른 사람과 비교하지 않고 살아갈 수 없을까?

불안과 두려움을 어떻게 극복할 수 있을까?

진정으로 행복한 삶은 어떤 곳인가?

이런 철학적인 질문에

답할 수 있는 사람이 몇이나 될까?

나 역시 하루하루를 그냥

나와 가족의 행복과 생계를 위해

그리고 조금 더 안정된 노후를 위해

매일 반복되는 일상에서

기쁨과 보람을 찾으려고 노력할 뿐...

2022년 새해 첫 완독 도서는

데일리 필로소피라는 책이다

이미 이 책은 전 세게 29개국에서

100만부 넘게 판매된 책으로

일명 베스트셀러이다

평소 접하기 어려웠던 철학에 대한 이야기를

왜 많은 사람들이 선택했을까 궁금하기도 했고

새해 목표인 1년에 40권 이상 독서하기의

일환으로 새해 첫 주 자기 전 정독하였다

저자

라이언 홀리데이는

우리 시대를 대표하는 사상가이자

미디어 전략가로 유명한 베스트셀러 작가로

유명 CEO에게 스토아 철학을 소개해

실리콘밸리의 철학 멘토로도 불린다

데일리 필로소피라는 책에서는

아우렐리우스, 에픽테토스, 세네카

니체, 셰익스피어, 워런 버핏의

삶의 지혜와 인생철학을 엿볼 수 있다

목차

총 4부로 구성되어 있는 이 책은

1부 철학자처럼 아침을 시작하는 법

1월 : 오늘 하루, 무엇을 실천할 것인가?

2월 : 나는 언제 열정을 느끼는가?

3월 : 내 삶을 이끄는 목적은 무엇인가?

2부 나를 지키면서도 단단하게 관계 맺기

4월 : 모욕적인 상황에 어떻게 대처할 것인가?

5월 : 왜 다른 사람에게 친절해야 하는가?

6월 : 삶이라는 전쟁터에서 어떻게 나를 지킬 것인가?

3부 지치고 불안한 마음에 용기를 더하는 말들

7월 : 몸과 마음의 평온은 어디에서 오는가?

8월 : 내 마음의 주인으로 살고 있는가?

9월 : 옳은 일을 해야 하는 이유는 무엇인가?

4부 매일 저녁, 나의 하루를 의미 있게 만드는 질문들

10월 : 계획한 일들을 충실히 해냈는가?

11월 : 진정으로 자신을 사랑한다는 것은 어떤 의미인가?

12월 : 스스로 만족할 만한 하루를 보냈는가?

라는 내용으론 구성되어 있다

스토아 철학이란 무엇인가?

기원전 3세기 초 거상이었던 제논이 창시한

스토아 철학은 추상적이고 관념적인 가치가 아닌

일상을 살아가는데 쓸모 있는 실용적인 답을

찾는데 집중한 철학이다

하루는

모든 다른 날의

다른 이름이다

인생을 살아가는데 가장 핵심이 되는

철학적인 질문을 던지고 그 답을 찾는데

주력했던 인물들의 이야기와 사례를 통해

자만을 경계하며

역경 속에서도 정신적으로는 풍요로운

더 나은 삶을 살고자 한

철학자들이 삶에 대한 메시지를

그대로 내 삶에 투영시켜 살아보는 것이

어떨지 제안하는 듯하다

데일리 필로소피 라는 책의 제목처럼

이 책은 1월1일부터 12월 31일까지

하루에 한 가지의 철학을 배우고 실천하며

완성에 가까운 철학자의 삶에

다가설 수 있도록 메시지를 주고 있다

고대 철학자들의 명언을

작가가 현대인의 삶에 적용할 수 있도록

본인이 해석하여 쉽게 설명하려는 노력이

곳곳에 보이는 책으로

책을 읽는 우리는 그냥 고개를

끄덕이며 공감하며

아~ 그땐 그렇게 했었으면...

앞으로 이런 일이 생기면

이렇게 하면 되겠구나...

라고 다짐할 수 있는 자기반성의

시간을 저절로 갖게 된다

매일매일 남의 일기를 엿보는 듯한

재미에 인생을 어떻게 살아야 하는지에 대한

메시지를 조용한 목소리로

큰 충격의 메시지로 주고 있는

인생 책으로 삼을 만한 명서가 아닌가 생각된다

데일리 필로소피

주요 내용

매일매일 던져주는 365개의 메시지 모두

주옥같은 내용이지만

특히 최근 나의 상황에서 실천할 수 있고

공감 갔던 내용을 남겨 본다

하루하루 달라지는 내 모습에 즐거워하자

문제를 그대로 받아들이고

해결할 수 있는 문제에 집중하자

두려움은 본디 실체가 없다! 상상일 뿐!

지금 당장의 행복에 집중

감정의 노예가 되지 말고

주어진 짧은 시간을 즐겨라

마음과 인식을 자신의 통제하에 두라

정확하게 인식하라

적절하게 행동하라

통제할 수 없는 것들은

기꺼이 받아들여라

풍족함에 이르는 방법 두 가지

원하는 것을 갖거나

내가 가진 것에 만족하는 것뿐

임시방편을 일삼지 말라

모든 사람이 나의 스승이다

칼이 아니라

생각 때문에 상처가 난다

지혜, 절제, 정의, 용기

집중은 습관이다

탁월한 아름다움이란?

편견 없는 사고

정의로운 행동

고난 속에서의 평정

격정을 이길 수 있는 절제력

카르페 디엠

이 순간을 잡아라

현재를 즐겨라

선행 자체가 대가다

옳은 일이기 때문에 이 일을 한다!

새로 나온 책 100권 보다 고전 1권이 낫다

등등

이 밖에도 주옥같은 명언과 메시지가

매일매일 이어진다

다음 주부터는 매일매일 내용을

지점에서 진행하는 정보 조회에

활용해서 다시 한번 책의 내용을

리마인드 하는 시간을 갖고

함께 일하는 TC 님들께도

데일리 필로소피를 전하도록 해야겠다

좋은 건 함께 나눠야 되니 ^^

새해 첫 책으로 선택한

데일리 필로소피는 탁월한 선택이었다

혹시 힘들어하는 누군가에게

힘내라는 격려와 용기의 백 마디 말보다

이 책 한 권을 선물해 주는 것이

더 낫겠다는 생각도 해보았다

스스로 일어설 수 있는 동기를 부여하고

삶은 왜 소중한지

어떻게 살아야 참된 인생인지에 대한

메시지를 준 책 잘 읽었습니다

빠이~

데일리 필로소피

도서를 제공받아

직접 읽고 느낀 점을

솔직하게 작성하였습니다^^V"
105775371,철학 한 구절로 시작하는 하루,10,https://sarak.yes24.com/review/15723934,http://https://m.blog.naver.com/sweetie29/222614944094
105775371,데일리 필로소피,10,https://sarak.yes24.com/review/15721853,"○●《데일리 필로소피》 :아침을 바꾸는 철학자의 질문 ○●저자:라이언 홀리데이 /스티븐 핸슬먼 ○●출판사: 다산초당 ☆ ""매일 아침, 철학 한 문장을 읽는 건 하루를 바꾸는 가장 간단한 방법이다."" □■저자 라이언 홀리데이는 우리 시대를 대표하는 사상가이자 미디어 전략가로 고대 사상을 현대인의 삶에 실용적으로 적용하는 방법을 연구하고 있다. 특히 트위터 창업자 잭 도시, 디그 창업자 케빈 로즈, 파운드리그룹 투자가 브래드 펠드에게 스토아 철학을 소개해 실리콘밸리의 철학 멘토로 불린다. □■에픽테토스, 마르쿠스 아우렐리우스, 니체, 셰익스피어, 워런 버핏까지. 시대와 공간을 초월해 큰 영향력을 끼친 이들의 공통점은 무엇일까? 바로 스토아 찰학의 신봉자라는 점이다. 스토아 찰학은 딱딱하고 어려운 철학서가 아닌 일기와 편지, 수필과 같은 형태로 삶의 지혜와 통찰이 담겨있다. 저자는 스토아 철학의 지혜를 전하기 위해 하루 한 문장씩 읽을 수 있는 명언을 선별하고 그에 대한 설명을 보충하는 방식으로 이 책을 구성했다. □■무언가를 시작하기 좋은 1월을 시작으로 365일 동안 매일 새벽 한 페이지로 마음챙김의 시간을 가져보는 건 어떨까? 미라클모닝을 실천하고 있다면 새벽루틴을 《데일리 필로소피》와 함께 해보기를 추천한다. 필사하기에도 좋은 책이다. 하루 10분 철학적 사색이 삶의 목적과 방향성을 찾고 성장의 마중물이 되어주리라 생각된다. ☆ 아무리 후회해도 과거를 바꿀 수는 없다. 우리가 변화시킬 수 있는 것은 오로지 미래다. 그것이 바로 지금 이 순간이 가진 힘이다. ☆ 우리가 느끼는 두려움은 대부분 실체가 없다. 그저 느낌일 뿐이다. 그래서 철학자들은 우리에게 이렇게 말한다. ""일잔 시작하라, 나머지는 따라온다."" ☆더 많은 것을 갖기 위해 애를 태우고, 분투하고, 싸운다면 우리는 결코 자유로워질 수 없다. 하지만 이미 갖고 있는 것에 집중하고 그것에서 만족을 얻는다면 우리는 지금 바로 여기서 자유로워질 수 있다. ☆ ""신은 악마가 인간의 행복을 앗아가지 못하도록 가장 안전한 장소에 숨겼다네. 그곳은 바로 인간의 마음속이라네."" ☆ 시간은 삶의 종착에 다다랏을 때야 비로소 자신의 가치를 온전히 드러낸다. 대체할 수도 구매할 수도 없는, 세상에서 가장 귀한 가치재라는 사실을 말이다. ♡출판사로부터 도서지원받았습니다"
105775371,하루5분 철학자의 질문으로 시작하는 아침,10,https://sarak.yes24.com/review/15721291,"아침을 바꾸는 철학자의 질문을 부제로 하는 <데일리 필로소피> 책 표지을 보면 일년 열두 달마다 다른 그림이 보인다. 다이어리처럼 매달 질문과 생각들이 펼쳐져 있고 365일동안 매일 한 페이지씩 철학자의 생각을 읽을 수 있게 구성된 책이다. 차례를 보면 세달씩 묶어 1부~4부로 나누어져있고 각 챕터마다 다른 제목과 매달 다른 질문들이 있다. 지금은 2022년 새해가 밝았고 1월이다. ""오늘 하루, 무엇을 실천할 것인가?"" 새해결심이나 목표를 세우는 1월의 질문답다. 날짜별로 나와있어서 아침에 가볍게 한 페이지씩 읽기 좋아보인다. 이제 막 새해의 1주일이 되었으니 매일 한쪽씩 읽고 활기차게 하루를 시작해야겠다."
105775371,데일리 필로소피,10,https://sarak.yes24.com/review/15721104,"데일리 필로소피

개인적으로도 <에고라는 적> 과 <스토아 수업> 전작 모두를 읽고 감명 받았던 실리콘밸리의 철학멘토 라이언 홀리데이의 신간을 반갑게 집어들었다. 이번 책은 전작들과는 다르게 하루 10분 철학 실천법이라는 기획으로 366일 366개의 챕터로 구성된 색다른 철학에 대한 접근이 돋보인다.

무엇보다도 우리는 사색하는 시간을 통해 삶의 목적과 방향을 찾아야지만 내가 하고 싶은 일이 어떤 것인지, 내가 바꿀 수 있는 것과 없는 것이 무엇인지 알 수 있으며 시련이 닥쳐도 실망하거나 후회하며 주저앉는 대신 앞으로 나아갈 수 있다는 조언이 인상적이었고 너무 뼈저리게 와닿는 문장들 때문에 하루에 한페이지를 읽는 의도와는 다르게 수십개의 챕터를 한꺼번에 읽기도 했다.

각 챕터는 스토아 철학의 실용적 지혜를 가장 쉽고 명확하게 전하는 하루 한 문장씩 읽을 수 있는 명언을 선별하고, 일상에 그 격언을 적용할 수 있도록 해석을 곁들였다.

스토아학파의 마르쿠스 아우렐리우스 황제부터 고대 사상가 세네카, 노예 출신의 철학자 에픽테토스 등의 생생한 메시지를 하루 한 장씩 읽다보면 시대를 초월해 여전히 우리에게 강력한 울림을 주는 이들의 격언과 함께 라이언 홀리데이 특유의 명징하고 친근한 해설에 감탄이 절로 나온다.

인생의 답을 구하는 우리를 향해 아우렐리우스는 이렇게 전한다. “삶에 필요한 기술은 춤이 아니라 레슬링을 더 닮았다. 우아하게 살기 위해서는 뜻하지 않는 기습공격을 이겨 낼 준비와 굳건히 버텨 낼 능력이 필요하다.” 현실의 삶을 탐구하며 던진 질문과 그에 대한 철학자들의 대답에서는 망설임을 멈추고 시작하는 법, 나를 지키며 타인과 단단하게 관계 맺는 법, 지치고 불안한 마음에 용기를 더하는 법 등 행복한 삶을 위한 지혜를 발견할 수 있다. 인내심과 회복력, 그리고 지혜로운 행동을 매일 실천하고자 했던 이 철학을 활용한다면, 누구든지 올바른 자기 삶의 방향을 다시 찾을 수 있을 것이다.

이 책은 2022년 새해와 함께 시작해서 올해 연말까지 연중내내 함께하며 마음을 챙길 수 있는 책이었고 맨 먼저 1월에는 오늘 하루, 무엇을 실천할 것인가?를 다룬다.

그 중에서도 1월 1일에는 매일 이기는 싸움을 하고 있는가? 라는 주제로 이야기를 풀어낸다.

라인홀트 니부어는 이렇게 기도했다. “신이시여. 저에게 변화시킬 수 없는 것을 받아들일 수 있는 평온함을, 변화시킬 수 있는 것을 변화시키려는 용기를, 그리고 그 둘의 차이를 알 수 있는 지혜를 주시옵소서.” 어린 시절 겪었던 학대의 고통은 바꿀 수 없다. 이미 내린 결정을 취소할 수도 없으며, 아무리 후회해도 과거를 바꿀 순 없다. 우리가 변화시킬 수 있는 것은 오로지 미래다. 그것이 바로 지금 이 순간이 가진 힘이다. 에픽테토스의 말처럼 통제할 수 있는 것만을 통제해야 한다."
105775371,데일리필로소피,10,https://sarak.yes24.com/review/15716992,"『데일리 필로소피』는 스토아 철학을 대표하는 철학자들의 명문장과 해설을 하루 한페이지씩 읽을 수 있게 구성되어있다.

하루 한 문장씩 읽을 수 있는 명언을 선별하고 그에 대한 설명을 보충하는 방식이다.

딱딱하고 어려운 철학서가 아니라 일기와 편지, 수필과 같은 형태로 쉽게 읽힌다.

우리는 왜 변화시킬 수 없는 것에 시간과 정성을 쏟으면서 정작 자신이 바꿀 수 있는 것에는 시간을 할애하지 않는가? 아무리 후회해도 과거를 바꿀 수는 없다. 우리가 변화시킬 수 있는 것은 오로지 미래다. 그것이 바로 지금 이 순간이 가진 힘이다. 통제할 수 있는 부분과 그렇지 않은 부분을 명확히 구분할 수 있을 때 우리는 더 행복해진다.

후회와 반성을 구분짓지 못하고 오랫동안 과거에 매여 살았다. 잘한 일보다 잘못 한 일과 선택을 후회하다보니 자연스럽게 자존감이 떨어졌다. 완벽한 인생은 없으며 매일매일이 리셋된다고 생각하고 하루를 충실히 살아야겠다.

당신의 노력, 활동, 선택의 결과가 어떻게 나타나는지에 대해서는 주목하고 있어야 한다.

얼마전에 정신의학과전문의 유튜브채널 양브로정신세계에서 선택못하는 사람들의 이야기를 봤다. 그게 바로 나!

선택하지 못하고 회피하기. 늘 최선 최고의 선택을 해야한다는 압박에 결정을 미루곤 했다. 에너지를 쏟는게 피곤해서 작은 선택은 남에게 미뤘는데 선택도 연습이 필요하다고 한다. 잘못된 선택도 내가 한 선택이니 책임을 갖고 겸허히 받아들여야한다.

우리가 통제할 수 없는 것이 행복을 결정하도록 하는 것만큼 어리석은 일은 없다.

자신의 행위 자체를 사랑한다면 주어진 과제 자체에 만족할 것이며, 자신의 모든 역량을 쏟아부을 수 있게 된다. 우리는 결과가 아니라 행동에서 즐거움을 찾아야 한다.

결과가 아니라 노력자체에 목적을 두어야 한다. 인정받는 것이 아니라 옳은 일을 하고 있다는 데에 목적을 두어야 한다.

결과지향적 양육방식을 가진 아버지와 세남매 중 둘째로 태어나서 다른 사람의 인정을 갈구하고 살았던 것 같다.

내가 노력해도 안된다는 걸 들키고 싶지 않아서 어려운 과제에 도전하지 않았고 부끄럽지만 고백하자면 조금만 노력해도 남들보다 잘한다는 이야기를 들으면 우월감을 갖기도 했다. 이제는 안다. 인내력, 끈기, 성실함이 엄청난 재능이라는걸~"
105775371,데일리 필로소피 _ 라이언 홀리데이 외 : 미라클 모닝을 시작하는 하루 한쪽 365일 매일 읽는 지혜의 말씀,10,https://sarak.yes24.com/review/15714858,"2022년 새해가 시작된 지도 벌써 며칠이 지났다. 매년 연말과 연초에 느끼는 거지만 해가 바뀐다는 건 참 익숙하지 않은 느낌이다. 1년 내내 익숙해진 지난해에서 이제 막 시작된 새해에 적응하는 기간이다. 대신 연초에는 무언가 며칠 전과는 다르게 처음부터 다시 새롭게 시작할 수 있을 것 같은 기분이 든다. 이를테면 리셋이 가능한 시기이다. 사실 며칠 전과 크게 달라진 것은 없는 하루임에도 우리의 마음가짐을 새롭게 추스를 수 있는 중요한 시기이다. 이 책은 이런 시점에 읽기 딱 좋은 책이다.

하루 한쪽

데일리 필로소피, 말 그대로 매일 철학이다. 실제로 이 책의 구성은 프롤로그 서너 장을 제외하고는 바로 첫 페이지 1월 1일로 시작해서 마지막 장 12월 31일로 끝나는 책이다. 매일 한 페이지씩을 할애해서 좋은 철학 글귀 혹은 명언과 그에 대한 해석으로 구성되어 있다.

2022년이 벌써 며칠 지나기는 했지만 지금 바로 구매해서 읽기 시작하면, 얼른 프롤로그 4쪽에 오늘 자까지 5쪽만 더해서 9쪽만 읽으면 앞으로 매일 하루 한쪽씩만 읽으면 된다. 아침 루틴을 시작하기 아주 좋은 책이다. 매일 아침 일어나면 5분만 투자해서 그날의 철학 이야기를 읽고 아침을 시작하는 것이다. 매일 아침 오늘의 운세를 읽는 것보다 훨씬 멋진 출발이 아닐까 싶다.

개인적으로는 크리스천이라 수년째 매일 아침 (거의...^^;) '생명의 삶'이라는 QT(Quiet Time, 성경 명상) 책을 읽고 있다. 월간지에 가까운데 매일매일 그날의 성경 구절과 관련한 해석과 이야기가 있는 책이다. <데일리 필로소피>를 읽고 굉장히 비슷하다는 느낌을 받았다. 비종교인 아침 명상 서적이랄까.

하루를 독서와 명상으로 시작하는 것이 하루를 얼마나 안정적이고 건설적이게 하는지는 이미 너무 잘 알려진 일이다. 그렇게 아침을 시작하기에 제격인 책이다. 그리고 정말 하루치가 딱 한 페이지다. 사실은 채 한 페이지도 채워져 있지 않다. 딱 5분 읽을거리다. 그렇게 시작한 하루는 분명 마음가짐이 틀릴 수밖에 없다. 뭔가 큰마음을 따로 갖지 않아도 아침에 눈을 떠서 5분간 독서에 집중하면서 자연스럽게 하루의 시작이 정돈될 것이다.

추천하는 루틴으로는 눈을 뜨자마자 잠자리를 정리하고 머리맡에 둔 데일리 필로소피를 읽는 것이다. 일어나서 자고 난 자리를 정리하는 습관이 매일매일을 작은 성취와 미션 성공으로 시작하고 하루를 계획적으로 시작하는 첫걸음이라는 것도 유명한 아침 루틴이다. 거기에 더해서 5분의 독서라면 그 뒤로 하루 종일 아무것도 안 해도 하루가 이미 성공적이다. ㅎㅎ

스토아학파

이 책은 기본적으로 수많은 철학의 기조 중에서 스토아학파의 철학을 중심으로 한다. 스토아 철학의 특징은 어려운 철학서가 아닌 주로 일기와 편지, 수필과 같은 형태로 기술되었다는 점이다. 그야말로 매일매일 읽기 좋은 형식이다. 스토아학파의 철학자들은 이렇게 말한다.

하루는 모든 다른 날의 다른 이름이다.

스토아 철학은 하루하루 반복되는 우리의 일상 속에서 삶의 의미와 지혜를 찾으려고 한다. 추상적이지 않아서 좋다.

스토아학파는 기원전 3세기 초 제논에 의해 창시된 철학 학파이다. 거상이었지만 배가 난파해 막대한 재산을 잃은 불행을 겪은 제논은 불행을 다스리는 방법을 연구하다 이 철학을 창시했다고 한다. 그가 제자들을 가르친 곳이 기둥이었기 때문에 기둥을 뜻하는 그리스어 스토아(Stoa)가 이 철학의 이름이 되었다.

매일 아침 불행을 일상에서 다스리는 방법에 대해 읽고 시작한다면 그날의 글귀가 하루를 지켜주는 방패가 될 것이요, 하루를 살아내는 비법이 될 것이다.

미라클 모닝

작년 한 해 미라클 모닝 열풍이 불었다. 아침을 알차게 일찍 시작해 기적 같은 시간을 만들어 내는 것이었다.

아침에 눈을 떴을 때, 당신은 어떤 생각을 하는가? 누군가는 아침을 '기적'이라고 말하지만 누군가는 똑같은 하루가 반복될 것이란 생각에 무력감과 괴로움을 느낀다.

아이러니하게도 이 두 사람이 맞이하는 아침은 크게 다르지 않은 똑같은 아침이다. 결국 하루의 시작이 어떻게 될 것인지, 그 하루가 어떻게 흘러갈 것인지는 본인이 결정하는 것인지도 모른다. 내가 무얼 하던 어차피 그날 일어날 일은 바뀌지 않는다고 생각할 수도 있지만 부디 딱 일주일만, 가능하다면 2~3 달만 기적의 아침을 시작해 보시기를 바란다. 분명 그날 하루는 바뀔 것이다. 의외로 세상은 내가 바뀌면 따라 바뀐다.

하지만 분명한 것은 내가 바뀌지 않으면 아무것도 바뀌지 않는다는 사실이다. 이제 2022년이라는 새해가 시작되었다. 무언가 바꾸고 싶었지만 방법을 몰랐던 분들이라면 이 책을 추천한다. 분명 하루가 바뀔 것이고, 하루하루가 바뀌면 한 해가 바뀔 것이다. 그리고 지금은 무언가를 새롭게 시도하기에 참 좋은 시기이다. 설사 하다가 잘 안될지라도 신년에 아무것도 시도하지 않는 것보다는 훨씬 활기찬 연초가 될 것이다."
105775371,데일리 필로소피,10,https://sarak.yes24.com/review/15711784,"""철학이란 무엇인가"" 이러한 물음에 쉽게 대답할 수 있는 사람은 없을 거예요. 아무리 전문가라 하더라도 철학은 그 대상이 아주 많고, 학문 자체의 폭도 아주 넓기 때문이지요. 그래서 철학이라는 학문은 왠지 전공을 하지 않고서는 낯설고 어색하고 어렵게 느껴지기도 하지요. 곰곰이 생각해보면, 철학은 사실 우리 일상생활에 아주 깊숙하게 연관되어 있으면서, 우리 인생을 좌지우지하게 되기도 하는데요. ?다산초당에서 나온 데일리 필로소피를 통해 단순히 철학이란 무엇인가 라는 물음에 대한 답을 생각해 보기보다, 하루하루 한쪽씩 읽으며, 또 곱씹어보며 나와 내 주변을 돌아보고 생각해보는 시간을 갖게 되면 참 좋겠다 하는 마음이 들었어요. 챕터들 제목만 읽어보아도 때로는 혼란스럽고 걱정이 드는 내 마음을 좀 더 차분히 가라앉히고 내 안의 가 무언가들을 정리하고 좀더 단단하게 굳혀볼 수 있겠구나 생각이 들었답니다. 데일리로 한 페이지씩 천천히 읽어보며 좀더 여유로운 2022년을 만들어 가려고요^^"
105775371,데일리 필로소피,10,https://sarak.yes24.com/review/15709976,"중요한 것은 누군가가 기억해 주는 것이 아니라 내 삶의 기억에 스스로 만족하는 것이다.

(p.396)

사상가이자 미디어 전략가 라이언 홀리데이, 그는 팀 페리스의 철학 멘토다. 19세 부터 그는 세계적 베스트 셀러 작가 로버트 그린의 제자였다. 현재 <뉴욕 옵서버> 칼럼리스트 겸 편집인으로 활동하고 있는 그의 신간 <데일리 필로소피>. 이 책은 말 그대로 매일 매일 철학을 공부할 수 있는 책이다. 철학은 너무 어렵고 접근하기 싫은 사람들을 위해 매일 조금씩이라도 철학과 가까워 질 수 있는 책을 만든 것이다.

적은 돈, 작은 명성, 적은 만남, 작은 욕망 등 더 작고 적은 것에 익숙해지라는 것이다.

(p.281)

스토아 학파는 옛날에 고등학생일 때 살짝 듣고, 대학 때 스쳐서 지나갔던 학파다. 그런데 이 책에는 스토아 학파의 좋은 내용들이 많이 있다. 예를 들자면, 적게 가지라는 것이다. 사람이라면 욕심과 욕망때문에 더 가지고 싶은 것이 자연의 이치이다. 그런데 스토아 학파는 버리고 비우며 살아가라고 하고 있다.

<데일리 필로소피> 의 장점은 1월 1일 한페이지 이렇게 실려있어서 날짜별로 읽을 수도 있고, 때로는 테마별로 읽을 수도 있다. 슬픈 날, 슬픔을 어떻게 할 수 없을 때는 이 책을 쭈욱 넘기다보면 '슬픔을 정복하려면' 같은 테마를 찾아 읽어볼 수도 있는 것이다. 분명히 철학책인데 <데일리 필로소피> 를 읽다보면 마음이 차분해진다. <데일리 필로소피> 는 다이어리처럼 매일 한 페이지씩 읽기 좋아서 인문학적 교양을 쌓으면서도 스트레스를 줄여주길 원하는 독자님들에게 권하고 싶다.

고통은 오롯이 받아들여라.

그리고 고통이 삶의 일부임을 인정하라.

(p.233)"
